MEMBER_NO,FFP_DATE,FIRST_FLIGHT_DATE,GENDER,FFP_TIER,WORK_CITY,WORK_PROVINCE,WORK_COUNTRY,AGE,LOAD_TIME,FLIGHT_COUNT,BP_SUM,SUM_YR_1,SUM_YR_2,SEG_KM_SUM,LAST_FLIGHT_DATE,LAST_TO_END,AVG_INTERVAL,MAX_INTERVAL,EXCHANGE_COUNT,avg_discount,Points_Sum,Point_NotFlight
54993,11/2/2006,12/24/2008,Male,6,.,beijing,CN,31,3/31/2014,210,505308,239560,234188,580717,3/31/2014,1,3.483253589,18,34,0.961639043,619760,50
28065,2/19/2007,8/3/2007,Male,6,,beijing,CN,42,3/31/2014,140,362480,171483,167434,293678,3/25/2014,7,5.194244604,17,29,1.25231444,415768,33
55106,2/1/2007,8/30/2007,Male,6,.,beijing,CN,40,3/31/2014,135,351159,163618,164982,283712,3/21/2014,11,5.298507463,18,20,1.254675516,406361,26
21189,8/22/2008,8/23/2008,Male,5,Los Angeles,CA,US,64,3/31/2014,23,337314,116350,125500,281336,12/26/2013,97,27.86363636,73,11,1.090869565,372204,12
39546,4/10/2009,4/15/2009,Male,6,guiyang,guizhou,CN,48,3/31/2014,152,273844,124560,130702,309928,3/27/2014,5,4.78807947,47,27,0.970657895,338813,39
56972,2/10/2008,9/29/2009,Male,6,guangzhou,guangdong,CN,64,3/31/2014,92,313338,112364,76946,294585,1/13/2014,79,7.043956044,52,10,0.967692483,343121,15
44924,3/22/2006,3/29/2006,Male,6,wulumuqishi,xinjiang,CN,46,3/31/2014,101,248864,120500,114469,287042,3/31/2014,1,7.19,28,20,0.965346535,298873,29
22631,4/9/2010,4/9/2010,Female,6,wenzhoushi,zhejiang,CN,50,3/31/2014,73,301864,82440,114971,287230,3/29/2014,3,10.11111111,45,7,0.962070222,351198,14
32197,6/7/2011,7/1/2011,Male,5,DRANCY,,FR,50,3/31/2014,56,262958,72596,87401,321489,3/26/2014,6,13.05454545,94,5,0.828478237,295158,7
31645,7/5/2010,7/5/2010,Female,6,wenzhou,zhejiang,CN,43,3/31/2014,64,204855,85258,60267,375074,3/17/2014,15,11.33333333,73,13,0.708010153,251907,16
58877,11/18/2010,11/20/2010,Female,6,PARIS,PARIS,FR,34,3/31/2014,43,298321,69056,91581,262013,3/10/2014,22,16.83333333,95,1,0.988658044,337839,3
37994,11/13/2004,12/2/2004,Male,6,beijing,.,CN,47,3/31/2014,145,256093,92975,126821,271438,3/26/2014,6,5.027777778,42,15,0.95253487,353101,66
28012,11/23/2006,11/18/2007,Male,5,SAN MARINO,CA,US,58,3/31/2014,29,210269,44750,53977,321529,1/25/2014,67,23,112,3,0.799126984,245808,4
54943,10/25/2006,10/27/2007,Male,6,shenzhen,guangdong,CN,47,3/31/2014,118,241614,105466,119832,179514,3/29/2014,3,6.196581197,38,14,1.398381742,270704,20
57881,2/1/2010,2/1/2010,Female,6,guangzhou,guangdong,CN,45,3/31/2014,50,289917,68941,79076,270067,3/30/2014,2,14.87755102,100,9,0.921984841,328345,12
1254,3/28/2008,4/5/2008,Male,4,BOWLAND HEIGHTS,CALIFORNIA,US,63,3/31/2014,22,286164,69300,54764,234721,1/27/2014,65,31.19047619,102,6,1.026084586,310002,8
8253,7/15/2010,8/20/2010,Male,6,wulumuqi,xinjiang,CN,48,3/31/2014,101,219995,93840,93114,172231,3/25/2014,7,6.84,41,15,1.3865249,257193,22
58899,11/10/2010,2/23/2011,Female,6,PARIS,,FR,50,3/31/2014,40,249882,66239,63260,284160,2/16/2014,45,17.58974359,77,12,0.837844243,281705,13
26955,4/6/2006,2/22/2007,Male,6,wulumuqishi,xinjiang,CN,54,3/31/2014,64,215013,99735,93006,169358,3/30/2014,2,11.20634921,48,16,1.401596264,249914,23
41616,8/29/2011,10/22/2011,Male,6,dongguan,guangdong,CN,41,3/31/2014,38,191038,60930,52316,332896,3/8/2014,24,18.67567568,74,0,0.70828541,215694,3
21501,7/30/2008,11/21/2008,Male,6,.,beijing,CN,49,3/31/2014,106,220641,69566,122763,167113,3/28/2014,4,6.438095238,31,4,1.369404116,251134,9
41281,6/7/2011,6/9/2011,Male,6,VECHEL,NORD BRABANT,AN,,3/31/2014,23,255573,46800,198224,214590,3/26/2014,6,32.90909091,135,7,1.061630924,286520,9
47229,4/10/2005,4/10/2005,Male,6,guangzhou,guangdong,CN,69,3/31/2014,94,193169,59169,74497,305250,3/9/2014,23,7.47311828,42,5,0.741803833,277394,46
28474,4/13/2010,4/13/2010,Male,6,,CA,US,41,3/31/2014,20,256337,64258,59600,222380,1/18/2014,74,32.78947368,110,8,1.004904443,280760,9
58472,2/14/2010,3/1/2010,Female,5,,,FR,48,3/31/2014,44,204801,38510,75816,281837,3/15/2014,17,15.88372093,66,10,0.787308444,235939,12
13942,10/14/2010,11/1/2010,Male,6,PARIS,FRANCE,FR,39,3/31/2014,62,241719,72806,83496,243674,3/15/2014,17,11.24590164,121,7,0.902990019,274882,10
45075,2/1/2007,3/23/2007,Male,6,zhanjiang,guangdong,CN,46,3/31/2014,213,217809,136769,96568,187917,3/29/2014,3,3.433962264,37,0,1.146354614,795398,49
47114,1/15/2005,3/17/2005,Male,6,.,beijing,CN,47,3/31/2014,74,209810,101398,83139,148685,3/21/2014,11,9.493150685,51,8,1.433364428,235176,14
54619,1/7/2006,1/8/2006,Male,6,guangzhou,guangdong,CN,62,3/31/2014,101,209362,94055,107896,159129,3/14/2014,18,7.08,29,3,1.33816985,237787,11
12349,6/16/2008,6/27/2008,Male,6,shenzhen,guangdong,CN,46,3/31/2014,87,199866,83780,102594,149254,3/21/2014,11,8.26744186,36,9,1.424714581,224081,15
35883,4/11/2006,4/18/2007,Male,6,wulumuqishi,xinjiang,CN,55,3/31/2014,53,195075,96945,69814,144076,3/30/2014,2,13.46153846,61,3,1.469224298,211879,7
56091,11/25/2004,2/10/2005,Female,6,guangzhoushi,guangdongsheng,CN,46,3/31/2014,95,197222,134702,60366,149053,3/24/2014,8,7.574468085,80,8,1.414895104,212131,14
2137,4/11/2005,5/3/2005,Male,6,guangzhou,guangdong,CN,69,3/31/2014,131,199716,86875,89532,220948,3/16/2014,16,5.492307692,50,14,0.944884271,234826,20
27708,3/20/2006,3/25/2006,Male,6,shenzhen,guangdong,CN,45,3/31/2014,95,194326,96692,75484,148227,3/29/2014,3,7.712765957,37,8,1.398640194,220012,19
28014,12/1/2006,1/7/2011,Female,6,Paris,,FR,48,3/31/2014,47,218842,63100,69298,285144,3/29/2014,3,15.80434783,105,5,0.725685618,251712,7
3539,10/13/2009,10/13/2009,Male,4,UPLAND,CALIFORNIA,US,53,3/31/2014,25,228851,115502,48696,220389,12/15/2013,108,23.41666667,72,9,0.937899941,258717,10
56149,2/13/2005,3/6/2005,Male,4,fanyu,guangdong,CN,39,3/31/2014,24,228227,138960,32385,189813,2/27/2014,34,27.82608696,192,6,1.087220053,239108,10
44936,3/30/2006,5/2/2007,Male,6,wulumuqishi,xinjiang,CN,37,3/31/2014,54,183336,101235,70902,141012,11/28/2013,125,11.37735849,54,5,1.462104927,206363,11
62751,5/8/2007,8/12/2007,Male,6,beijing,beijing,CN,45,3/31/2014,166,206908,71418,112597,229303,3/31/2014,1,4.381818182,31,10,0.890172305,260880,25
40066,2/27/2009,3/4/2009,Male,6,guangzhou,guangdong,CN,63,3/31/2014,81,185232,107153,75102,140819,2/27/2014,34,8.5625,46,1,1.429179443,213436,5
18793,4/25/2006,6/2/2006,Male,6,.,beijing,CN,48,3/31/2014,98,191809,88788,85119,137876,3/30/2014,2,7.505154639,46,11,1.458541443,210435,17
13963,1/18/2011,4/3/2011,Male,6,guangzhou,guangdong,CN,63,3/31/2014,35,230527,146039,119384,201141,3/29/2014,3,21.38235294,84,13,0.998554546,254051,16
46084,1/4/2007,3/31/2007,Male,6,guangzhou,guangdong,CN,54,3/31/2014,95,190478,91729,89721,140803,3/29/2014,3,7.712765957,47,1,1.396985007,220352,21
58798,5/4/2010,5/14/2010,Male,5,guangzhou,guangdong,CN,51,3/31/2014,46,177032,53523,50287,256766,3/19/2014,13,15.88888889,54,0,0.764737193,191878,2
56089,12/4/2004,2/27/2005,Male,6,guangzhoushi,guangdongsheng,CN,49,3/31/2014,54,208801,99145,84348,160825,2/23/2014,38,13.05660377,52,0,1.20853437,230772,4
58693,12/11/2010,8/6/2011,Male,6,PARIS,,FR,39,3/31/2014,21,219390,54900,63000,185493,3/10/2014,22,34.9,154,4,1.029507529,237893,5
28780,7/13/2012,7/13/2012,Male,6,guangzhou,guangdong,CN,47,3/31/2014,110,190726,75354,103498,187588,3/31/2014,1,5.752293578,39,5,1.015978367,227957,11
27836,7/16/2006,8/18/2006,Male,6,.,beijing,CN,59,3/31/2014,134,181303,106902,72650,140356,3/25/2014,7,5.428571429,37,9,1.356053179,200953,15
38073,1/26/2005,3/1/2005,Male,6,changsha,hunan,CN,76,3/31/2014,107,181982,81623,80541,135811,3/30/2014,2,6.839622642,30,2,1.398992423,205938,9
22629,7/15/2010,7/15/2010,Male,5,SUMIDA-KU,TOKYO-TO,JP,49,3/31/2014,70,195866,181233,27525,219282,6/2/2013,304,6.028985507,32,8,0.863479447,199386,9
12326,5/21/2008,6/12/2008,Male,6,.,beijing,CN,40,3/31/2014,189,181836,74201,104344,235687,3/31/2014,1,3.872340426,20,5,0.802633323,262134,56
24222,1/8/2012,2/23/2012,Male,6,guangzhou,guangdong,CN,51,3/31/2014,87,186523,80624,91862,132283,3/28/2014,4,8.418604651,44,3,1.425177007,206809,7
916,11/18/2006,6/1/2007,Male,6,fanyu,guangdong,CN,46,3/31/2014,29,192450,59672,56764,211369,3/21/2014,11,25.67857143,131,7,0.888869986,226692,10
45008,12/10/2007,12/10/2007,Male,5,wulumuqi,xinjiang,CN,54,3/31/2014,48,166322,45881,92675,130135,3/31/2014,1,15.14893617,61,3,1.408197795,195368,10
11523,7/6/2007,7/17/2007,Male,6,shenzhen,guangdong,CN,49,3/31/2014,68,175383,62056,93021,135374,3/31/2014,1,10.46268657,39,2,1.349375212,201197,11
56088,12/3/2004,1/13/2005,Male,6,guangzhou,guangdong,CN,41,3/31/2014,111,184392,67261,62413,216560,3/28/2014,4,6.590909091,39,19,0.828452854,272042,100
56573,11/26/2007,12/14/2007,Female,6,guangzhou,guangdong,CN,38,3/31/2014,69,163542,65014,91429,131660,3/10/2014,22,9.676470588,77,6,1.354943567,199477,39
38883,2/2/2008,2/2/2008,Male,6,guangzhou,guangdong,CN,48,3/31/2014,126,172529,83906,87043,204371,3/28/2014,4,5.704,33,2,0.867522349,234654,13
38035,12/28/2004,5/11/2005,Male,6,shenzhen,guangdongsheng,CN,42,3/31/2014,55,163139,53027,86719,153868,3/17/2014,15,13.16666667,59,0,1.146000598,177562,5
11034,1/26/2005,3/9/2005,Male,5,beijing,.,CN,59,3/31/2014,76,155120,53644,85537,214921,3/11/2014,21,9.133333333,34,5,0.819187329,190530,13
47143,2/17/2005,2/17/2005,Male,6,.,beijing,CN,48,3/31/2014,68,165817,78610,74530,127335,3/17/2014,15,10.52238806,60,3,1.380410335,186501,9
29033,11/19/2004,11/19/2004,Male,6,HK,HK,HK,60,3/31/2014,77,169956,60120,91155,136121,3/31/2014,1,9.552631579,55,4,1.288018381,195217,7
16812,6/9/2010,6/27/2010,Male,6,PUCHONG,Selangor Darul Ehsan,MY,52,3/31/2014,84,182039,69796,118928,186821,3/26/2014,6,8.734939759,69,1,0.938031056,204668,2
5241,5/14/2011,5/14/2011,Male,6,hangzhoushi,zhejiang,CN,31,3/31/2014,96,165370,78243,65025,204612,3/18/2014,14,7.294736842,55,12,0.848239546,259585,81
49208,5/28/2010,10/16/2010,Male,6,beijing,beijing,CN,44,3/31/2014,30,188887,41590,81104,164001,3/24/2014,8,23.34482759,128,2,1.057257212,219035,16
38241,8/13/2005,8/14/2005,Male,6,guangzhou,guangdong,CN,53,3/31/2014,85,179574,101471,66947,121097,3/13/2014,19,8.333333333,34,8,1.426106262,195796,15
38456,11/15/2007,11/16/2007,Male,5,TORRANCE,CALIFORNIA,US,39,3/31/2014,32,188209,77606,63733,182563,1/4/2014,88,18.58064516,127,8,0.944650121,206462,11
44377,7/10/2010,7/13/2010,Male,5,chengdu,sichuan,CN,53,3/31/2014,34,183443,69213,49135,170121,3/13/2014,19,21.57575758,90,10,1.013669976,201302,13
49737,10/30/2010,10/31/2010,Male,6,shishi,fujian,CN,30,3/31/2014,197,99590,113295,41200,275800,3/31/2014,1,3.714285714,28,0,0.620507614,134178,3
47919,12/14/2008,5/20/2010,Female,6,,VIC,AU,43,3/31/2014,30,198230,80383,91978,184194,3/25/2014,7,24.44827586,92,3,0.928504294,212047,3
23528,8/15/2012,8/15/2012,Male,6,LOS ANGELES,CA,US,33,3/31/2014,18,161279,19100,46215,209911,1/30/2014,62,31.35294118,141,2,0.811871079,182497,2
58088,10/19/2009,10/22/2009,Male,6,shenzhen,guangdong,CN,55,3/31/2014,64,179686,50385,115130,137636,3/13/2014,19,11.12698413,47,9,1.236256939,202596,14
51079,12/21/2011,12/21/2011,Male,6,shanghai,shanghai,CN,37,3/31/2014,149,141827,21251,45091,219108,3/28/2014,4,4.885135135,28,4,0.774487057,170799,8
19420,11/18/2007,8/23/2011,Male,6,changshashi,hunan,CN,47,3/31/2014,61,155772,36108,90487,143186,3/19/2014,13,11.93333333,56,3,1.183962818,170871,5
58753,10/13/2010,6/24/2012,Male,5,PARIS,PARIS,FR,28,3/31/2014,36,160297,34341,54825,209839,2/25/2014,36,17.45714286,94,2,0.806177069,181775,4
13517,8/14/2010,12/29/2010,Female,6,PARIS,PARIS,FR,45,3/31/2014,22,187933,24615,105814,170406,3/10/2014,22,32.66666667,133,0,0.992454374,208960,1
56048,3/15/2013,3/17/2013,Male,6,Haarlem,Noord-Holland,NL,46,3/31/2014,23,193780,18062,89648,169224,3/3/2014,29,16,71,1,0.995539285,220828,3
50434,6/9/2011,6/22/2011,Male,4,LOS ANGELES,,US,44,3/31/2014,16,196213,37800,54093,163191,3/14/2014,18,45,193,3,1.019520072,206055,4
13869,10/26/2010,10/27/2010,Male,6,zhanjiang,guangdong,CN,42,3/31/2014,102,166991,79538,108837,140220,3/24/2014,8,7.00990099,42,1,1.179368992,258781,36
47432,10/21/2005,2/21/2006,Male,5,guangzhou,guangdong,CN,47,3/31/2014,81,167849,90030,51276,159255,3/26/2014,6,9.0375,45,20,1.034587737,224076,64
60658,6/29/2012,6/29/2012,Female,6,MANTES LA VILLE,FR,FR,37,3/31/2014,30,148518,23000,61855,208687,3/26/2014,6,21.93103448,130,4,0.782406571,177837,5
9744,7/13/2006,7/11/2008,Male,5,.,beijing,CN,53,3/31/2014,127,168079,64222,95061,170611,3/20/2014,12,5.492063492,54,7,0.956332827,210483,25
18111,9/19/2008,9/19/2008,Male,6,wulumuqi,xinjiang,CN,44,3/31/2014,56,149456,44503,78197,116728,3/30/2014,2,11.47272727,68,5,1.394863786,164783,8
42444,4/25/2012,5/18/2012,Male,6,dongguan,guangdong,CN,67,3/31/2014,79,116059,77755,107694,208797,3/31/2014,1,8.756410256,32,2,0.777341772,154520,24
11055,2/17/2005,3/8/2005,Male,6,yangjiang,guangdong,CN,47,3/31/2014,97,152555,55464,88679,155881,3/23/2014,9,7.520833333,46,3,1.036667137,210280,51
47107,11/18/2004,11/18/2004,Female,6,shenzhen,guangdong,CN,57,3/31/2014,158,142626,73605,72492,205159,3/30/2014,2,4.624203822,25,3,0.784701427,167943,6
62880,5/8/2006,1/16/2009,Male,6,fuzhou,fujian,CN,55,3/31/2014,64,144803,33780,66940,115300,3/25/2014,7,11.33333333,54,0,1.391299306,177907,9
49441,7/3/2010,7/3/2010,Male,6,shenzhenshi,guangdong,CN,47,3/31/2014,51,162790,65145,51533,137500,3/19/2014,13,14.14,79,1,1.165835855,175423,8
20569,6/28/2007,3/12/2010,Female,6,zhongqing,zhongqing,CN,35,3/31/2014,29,181871,52395,48737,157056,11/9/2013,144,19.96428571,81,6,1.017859044,196377,13
47687,10/5/2007,10/25/2007,Male,6,guangzhou,guangdong,CN,70,3/31/2014,69,153766,71749,70946,114077,3/31/2014,1,10.5,109,10,1.387490292,171652,15
37305,6/13/2008,6/13/2008,Male,6,guangzhou,guangdong,CN,40,3/31/2014,88,150790,37667,109401,122619,3/17/2014,15,8.091954023,90,6,1.281481989,203485,15
58189,1/31/2011,1/31/2011,Male,6,nanning,guangxi,CN,54,3/31/2014,42,178832,23150,65152,162453,3/17/2014,15,15.65853659,136,4,0.966069448,198945,8
25857,1/26/2007,1/26/2007,Male,6,.,beijing,CN,43,3/31/2014,129,150057,85135,71385,109813,3/22/2014,10,5.5859375,17,8,1.429138536,209250,40
951,11/28/2006,11/28/2006,Male,6,.,beijing,CN,46,3/31/2014,67,148491,71181,71769,123464,3/18/2014,14,10.51515152,51,0,1.265322199,167126,5
4178,4/13/2010,2/21/2013,Male,5,SIPASDENA,CA91030,US,41,3/31/2014,12,181452,12500,110100,146784,2/8/2014,53,32,53,0,1.059166667,208118,2
2010,11/26/2004,2/13/2005,Male,6,guangzhoushi,guangdong,CN,40,3/31/2014,100,156294,64331,72891,162250,3/28/2014,4,7.323232323,27,2,0.952273652,234787,68
38290,9/23/2005,5/17/2006,Male,6,guangzhou,guangdong,CN,66,3/31/2014,69,148405,78724,56434,118726,3/21/2014,11,10.57352941,46,14,1.297050351,189498,47
57622,4/14/2011,4/14/2011,Male,6,Zwijndrecht,ZUID HOLLAND,NL,55,3/31/2014,17,157540,188926,174895,125349,2/27/2014,34,36.375,73,2,1.226505277,166984,3
2001,11/11/2004,11/27/2004,Female,6,guangzhoushi,guangdongsheng,CN,39,3/31/2014,12,181452,75100,53500,146784,3/23/2014,9,65.09090909,136,2,1.046666667,195408,6
60311,4/27/2012,5/18/2012,Male,6,xianggang,xianggang,HK,49,3/31/2014,54,135157,101923,71157,144562,3/28/2014,4,12.83018868,72,0,1.053910364,138647,0
36030,7/28/2008,7/28/2008,Male,6,zhuhai,guangdong,CN,51,3/31/2014,79,144647,74245,66353,123985,3/11/2014,21,9.076923077,48,7,1.228445376,214323,48
35766,9/8/2008,9/8/2008,Male,6,changchun,jilin,CN,56,3/31/2014,87,138406,69765,69062,105119,3/27/2014,5,8.38372093,36,9,1.445489778,155309,13
33319,4/28/2012,4/28/2012,Male,5,wulumuqi,xinjiang,CN,41,3/31/2014,53,128965,76881,51012,144682,3/15/2014,17,13.21153846,81,12,1.046215562,143172,18
55096,1/3/2007,3/6/2007,Male,6,zhongshan,guangdong,CN,47,3/31/2014,92,139459,73350,66291,134823,3/15/2014,17,7.824175824,36,13,1.118316089,213043,41
30681,5/26/2010,11/5/2010,Male,6,,,JP,55,3/31/2014,48,168825,96104,95788,150537,3/21/2014,11,14.91489362,70,5,1.001144569,220976,16
17837,10/22/2005,10/22/2005,Male,6,changchun,jilin,CN,48,3/31/2014,90,137685,68430,68978,108184,3/29/2014,3,8.112359551,51,6,1.390945611,154547,11
3872,1/18/2009,6/26/2009,Male,6,xianggang,xianggang,HK,61,3/31/2014,56,138314,59951,66704,104663,3/23/2014,9,12.90909091,82,0,1.435274261,150939,3
56201,4/5/2005,5/20/2005,Male,6,guangzhoushi,guangdong,CN,36,3/31/2014,146,140996,71300,68443,191328,3/28/2014,4,4.979310345,33,8,0.783239829,181374,17
4468,9/14/2011,9/16/2011,Female,6,ANDE,ANDE,FR,33,3/31/2014,35,151293,53356,39002,167150,3/17/2014,15,21.05882353,192,0,0.894261083,151293,0
32602,10/9/2011,10/9/2011,Male,6,Glendale,CA,US,55,3/31/2014,33,160926,72497,5665,174046,1/29/2014,63,20.40625,108,3,0.85318887,164243,5
11277,8/26/2005,10/29/2005,Male,6,shenzhen,guangdong,CN,45,3/31/2014,142,138626,54428,80511,177357,3/25/2014,7,5.113475177,35,7,0.835532119,172256,13
45117,11/17/2010,2/6/2011,Male,6,Suwanee,GA,US,30,3/31/2014,31,126239,23421,32296,204438,2/17/2014,44,21.43333333,89,3,0.723434195,162728,39
19051,11/28/2006,11/29/2006,Male,6,beijing,beijing,CN,42,3/31/2014,53,146519,70090,56015,102999,3/3/2014,29,13.42307692,106,5,1.434114409,159103,8
19371,5/31/2007,5/31/2007,Male,5,CRONULLA,NSW,AU,53,3/31/2014,21,164969,69100,55700,159605,3/18/2014,14,32.35,80,7,0.925114251,174849,8
60020,6/7/2012,6/16/2012,Female,4,LOS ANGELES,LA,US,49,3/31/2014,16,116312,20140,30850,195712,3/5/2014,27,41.86666667,150,0,0.75375,133754,1
2007,11/25/2004,4/19/2005,Male,6,guangzhou,guangdong,CN,43,3/31/2014,85,151345,58008,71227,155704,3/29/2014,3,8.630952381,60,15,0.946174922,182967,21
56093,11/24/2004,11/24/2004,Male,6,guangzhoushi,guangdongsheng,CN,59,3/31/2014,71,141563,64754,70510,119961,3/10/2014,22,9.571428571,44,6,1.225504039,156664,10
62762,8/23/2008,8/25/2008,Male,6,shenyang,liaoning,CN,42,3/31/2014,130,145214,32720,50685,167593,3/30/2014,2,5.465116279,64,2,0.873661907,258114,64
49215,5/7/2010,5/29/2010,Male,6,shenzhen,guangdong,CN,40,3/31/2014,89,126501,43042,79130,149557,3/28/2014,4,7.863636364,56,3,0.978068228,295393,50
20362,7/29/2005,9/14/2005,Male,6,guangzhou,guangdong,CN,59,3/31/2014,83,139199,53260,82972,103087,3/21/2014,11,8.756097561,45,11,1.411593411,165577,17
38022,12/2/2004,6/30/2005,Male,6,guangzhoushi,guangdongsheng,CN,36,3/31/2014,99,146797,52996,69050,162215,3/30/2014,2,7.255102041,28,9,0.896966187,200588,48
47179,3/16/2005,4/18/2005,Male,4,guangzhou,guangdong,CN,54,3/31/2014,40,124687,33993,35519,198627,3/5/2014,27,17.79487179,85,2,0.731685018,152573,6
17903,5/30/2008,5/30/2008,Male,6,changchun,jilin,CN,48,3/31/2014,52,134746,67215,58621,99524,3/21/2014,11,14.07843137,57,5,1.458000784,144914,7
45581,12/29/2005,12/29/2005,Male,6,guangzhou,guangdong,CN,49,3/31/2014,65,145852,73784,70564,119794,3/22/2014,10,10.96875,66,12,1.210876087,216228,36
47255,4/23/2005,6/21/2005,Female,5,wuhan,hubei,CN,48,3/31/2014,34,171324,83009,71460,151642,3/29/2014,3,19,126,1,0.951756044,186619,4
876,8/14/2006,8/14/2006,Male,6,.,beijing,CN,41,3/31/2014,83,149093,45490,79527,149993,3/26/2014,6,8.829268293,46,0,0.960765569,165704,4
6088,11/14/2011,2/5/2012,Male,5,shanghaishi,shanghai,CN,46,3/31/2014,65,137293,62763,81624,109089,3/8/2014,24,10.78125,59,0,1.318943707,154356,4
50931,12/20/2012,12/25/2012,Female,6,VALINDA,CA,US,47,3/31/2014,18,162084,7444,70223,146238,3/9/2014,23,25.88235294,136,2,0.982511386,180183,2
38443,6/8/2007,6/8/2007,Male,6,guangzhou,guangdong,CN,47,3/31/2014,66,139155,58495,72152,102689,3/28/2014,4,11.13846154,61,1,1.39722054,174814,8
8850,4/17/2006,5/14/2006,Male,6,wulumuqi,xinjiang,CN,51,3/31/2014,52,128038,28768,75154,105167,3/30/2014,2,13.01960784,67,2,1.356986792,155485,13
59307,3/15/2011,5/27/2012,Male,6,guangzhou,guangdong,CN,34,3/31/2014,27,119305,60310,25559,182561,2/23/2014,38,24.5,94,0,0.780547269,122509,0
20121,11/30/2004,1/5/2005,Male,6,shantoushi,guangdongsheng,CN,66,3/31/2014,193,130675,93532,60040,209912,3/31/2014,1,3.78125,31,17,0.675609779,242611,25
53451,6/26/2012,5/16/2013,Male,6,wulumuqi,xinjiang,CN,50,3/31/2014,65,112582,0,119684,184730,3/26/2014,6,4.921875,70,1,0.764,153208,14
59669,4/11/2012,7/30/2012,Male,4,dongguan,guangdong,CN,62,3/31/2014,14,167720,45675,23100,144708,2/2/2014,59,42.46153846,208,2,0.97367319,179310,3
49369,10/19/2009,1/28/2010,Male,5,dongguan,guangdong,CN,63,3/31/2014,24,105572,26870,31155,213058,3/21/2014,11,30.73913043,86,2,0.658633893,111104,2
52814,10/9/2010,10/10/2010,Male,6,dalian,liaoning,CN,44,3/31/2014,89,122732,37259,72426,177556,3/15/2014,17,7.965909091,35,0,0.787337009,141293,2
57377,6/20/2008,11/13/2008,Male,6,.,beijing,CN,50,3/31/2014,57,139756,55150,69155,98104,3/24/2014,8,12.875,63,10,1.42497258,155326,14
31219,11/13/2009,11/13/2009,Male,6,shanghai,shanghai,CN,42,3/31/2014,101,122805,3126,15735,140188,3/20/2014,12,7.15,25,9,0.996902945,181303,32
29392,3/3/2013,3/3/2013,Male,6,dongguan,guangdong,CN,33,3/31/2014,19,139379,25220,84795,155552,3/16/2014,16,21.05555556,64,0,0.897522308,139379,0
12578,6/29/2006,6/29/2006,Female,5,guangzhou,guangdong,CN,47,3/31/2014,95,128687,73267,46603,140931,3/8/2014,24,7.425531915,52,9,0.988949912,142516,16
19439,4/1/2008,1/5/2011,Male,6,.,beijing,CN,51,3/31/2014,85,136565,75444,64034,97855,3/25/2014,7,8.595238095,45,3,1.423453171,194017,46
29034,11/24/2004,12/24/2004,Male,6,guangzhou,guangdong,CN,47,3/31/2014,108,146964,67505,57435,169746,3/10/2014,22,6.61682243,29,12,0.817685954,192071,89
2012,11/26/2004,2/2/2007,Male,6,shenzhenshi,guangdongsheng,CN,51,3/31/2014,64,129600,48767,70429,97250,3/28/2014,4,11.47619048,51,15,1.426656247,153682,22
47194,4/2/2005,4/2/2005,Male,6,,beijing,CN,53,3/31/2014,113,114508,46357,73029,204853,3/29/2014,3,6.446428571,31,3,0.674381581,170970,32
26406,8/27/2009,11/12/2009,Male,6,wulumuqi,xinjiang,CN,56,3/31/2014,31,138229,46725,59667,95766,3/31/2014,1,24.16666667,94,13,1.438600025,158587,16
56437,11/16/2005,2/20/2006,Male,6,guangzhou,guangdong,CN,56,3/31/2014,79,123103,59892,61960,129119,3/27/2014,5,9.051282051,58,6,1.065611103,160671,49
59509,5/2/2012,5/2/2012,Male,5,shenyang,liaoning,CN,39,3/31/2014,109,123892,55140,57589,163010,3/15/2014,17,6.324074074,36,1,0.843554751,144137,5
13061,3/29/2009,11/3/2009,Male,4,guangzhou,guangdong,CN,52,3/31/2014,19,81412,24550,22100,201613,3/14/2014,18,33.94444444,119,3,0.681331859,81412,3
12155,6/4/2009,6/4/2009,Male,6,guangzhou,guangdong,CN,31,3/31/2014,120,123415,60467,67083,172352,3/7/2014,25,5.823529412,56,13,0.790287551,181078,50
26960,4/15/2006,7/2/2006,Male,5,wulumuqi,xinjiang,CN,47,3/31/2014,45,126790,42126,65876,116917,3/31/2014,1,16.40909091,52,1,1.154155854,144550,7
1123,5/8/2007,2/23/2012,Male,4,AMSTELVEEN,NOORD HOLLAND,NL,51,3/31/2014,19,158573,57507,28210,136374,11/18/2013,135,33.05555556,112,1,0.988910129,160482,2
12536,5/27/2010,10/10/2010,Male,6,Escondido,CA,US,78,3/31/2014,22,157809,48796,23824,135717,9/30/2013,184,24,150,5,0.993493225,166575,6
43627,12/27/2009,12/27/2009,Male,6,beijing,beijing,CN,43,3/31/2014,80,123833,56260,64169,105118,3/17/2014,15,8.873417722,45,0,1.277942503,141978,17
37021,12/25/2006,6/16/2008,Male,6,xianggang,xianggang,HK,51,3/31/2014,82,125625,57227,71221,106666,3/26/2014,6,8.802469136,54,5,1.255920537,141315,8
40792,8/8/2010,12/11/2010,Female,5,guangzhoushitianhequ,guangdong,CN,28,3/31/2014,90,135116,66245,49045,179472,3/20/2014,12,7.865168539,80,7,0.744693267,198691,49
22418,8/6/2010,10/6/2010,Male,6,PARIS,IIE DE FRANCE,FR,37,3/31/2014,17,150754,36244,34500,143287,10/27/2013,157,35.0625,136,2,0.931991388,160716,3
27900,9/15/2006,11/19/2006,Male,5,guangzhou,guangdong,CN,49,3/31/2014,39,127925,103340,26441,97116,3/23/2014,9,18.36842105,86,0,1.374724556,161225,7
21245,5/5/2008,2/15/2011,Male,6,shanghai,shanghai,CN,46,3/31/2014,102,127764,59208,69487,102961,3/21/2014,11,7.01980198,33,10,1.295748779,198202,38
2006,11/24/2004,12/4/2004,Male,5,guangzhou,guangdong,CN,45,3/31/2014,90,141907,64227,50884,158149,3/21/2014,11,7.820224719,101,3,0.843185667,189684,54
11028,1/22/2005,3/8/2005,Male,6,guangzhou,guangdong,CN,38,3/31/2014,125,117882,56590,66832,176585,3/25/2014,7,5.693548387,35,14,0.75433474,155391,23
62642,2/7/2007,2/7/2007,Male,6,changchun,jilin,CN,61,3/31/2014,77,120590,32440,43183,94142,3/9/2014,23,9.197368421,54,0,1.414713624,138945,6
29051,12/7/2004,12/7/2004,Female,6,guangzhou,guangdong,CN,46,3/31/2014,79,124838,70462,39777,157844,3/26/2014,6,9.230769231,61,12,0.843179595,221619,81
19073,11/9/2006,3/7/2007,Male,6,guangzhou,guangdong,CN,39,3/31/2014,116,120154,59962,65443,165365,3/19/2014,13,6.104347826,35,1,0.802227557,144290,8
58686,1/19/2011,1/19/2011,Male,6,beijing,beijing,CN,32,3/31/2014,58,123331,65453,55873,91515,3/17/2014,15,12.33333333,65,7,1.448642081,137940,13
781,7/23/2006,7/23/2006,Male,5,zhanjiang,guangdong,CN,49,3/31/2014,109,133352,55657,76163,144321,3/24/2014,8,6.666666667,52,11,0.914492693,164372,16
36780,7/10/2006,7/10/2006,Male,6,guangzhou,guangdong,CN,48,3/31/2014,180,105442,66455,62607,182540,3/23/2014,9,3.977653631,15,4,0.720028487,142631,15
1359,1/13/2010,2/11/2010,Male,6,guangzhou,guangdong,CN,45,3/31/2014,103,92686,45754,86859,218087,3/31/2014,1,7.039215686,42,6,0.602317149,169772,82
29076,1/19/2005,4/11/2005,Male,5,guangzhou,guangdong,CN,56,3/31/2014,107,121404,78200,54540,155834,3/24/2014,8,6.801886792,33,1,0.841613512,144683,8
49714,3/30/2011,4/13/2011,Female,5,COVINA,CA,US,49,3/31/2014,14,153078,33444,46100,125796,12/2/2013,121,46.53846154,129,3,1.040394289,156566,3
55458,2/12/2010,6/11/2010,Male,6,guangzhou,guangdong,CN,30,3/31/2014,149,116162,64079,60697,155588,3/30/2014,2,4.912162162,23,5,0.836742487,136195,9
59905,9/13/2011,9/13/2011,Male,5,guangzhou,guangdong,CN,41,3/31/2014,76,122401,86103,37023,94185,2/12/2014,49,8.973333333,57,0,1.380177417,129029,4
28087,2/10/2007,5/11/2008,Male,6,fanyu,guangdong,CN,64,3/31/2014,55,126221,64899,50346,94577,3/29/2014,3,12.90740741,62,0,1.369523774,200391,6
14825,9/21/2011,9/21/2011,Male,6,changsha,hunan,CN,45,3/31/2014,80,120818,61032,61240,92022,3/28/2014,4,8.835443038,49,4,1.407186108,132796,7
20173,1/23/2005,2/12/2005,Female,6,guangzhou,guangdong,CN,53,3/31/2014,40,142164,38782,60402,139742,3/16/2014,16,18.30769231,136,6,0.926317142,156893,14
18700,1/15/2006,2/24/2006,Male,6,guangzhou,guangdong,CN,43,3/31/2014,142,109292,60942,57023,183472,3/25/2014,7,5.063829787,39,5,0.702883928,133052,10
47040,3/16/2013,4/28/2013,Male,6,,,US,56,3/31/2014,14,147158,0,69575,126850,3/9/2014,23,24.30769231,61,0,1.016463224,165825,0
5040,2/25/2011,5/8/2011,Male,6,guangzhou,guangdong,CN,36,3/31/2014,24,142746,36000,98882,125340,3/2/2014,30,28.39130435,116,3,1.026238631,157710,6
19751,5/12/2011,1/10/2012,Female,5,CULVER CITY,CA,US,33,3/31/2014,13,150850,25200,43093,126495,3/14/2014,18,53.5,262,3,1.014545871,169574,5
9980,12/6/2006,3/17/2007,Male,6,guangzhou,guangdong,CN,47,3/31/2014,85,120754,41949,71795,151736,3/30/2014,2,8.369047619,46,10,0.843447435,199762,46
38079,3/2/2005,5/20/2005,Male,6,.,beijing,CN,49,3/31/2014,68,109266,50278,62111,117537,3/29/2014,3,10.34328358,47,0,1.085817147,123410,6
38098,3/31/2005,5/5/2005,Male,6,guangzhou,guangdong,CN,45,3/31/2014,116,117613,68978,50566,161730,3/24/2014,8,6.234782609,21,6,0.786706177,162718,44
33282,4/9/2012,4/9/2012,Male,6,.,beijing,CN,51,3/31/2014,123,111651,55346,61475,89350,3/30/2014,2,5.909836066,19,2,1.419099832,125014,7
53999,4/4/2007,4/4/2007,Male,6,wulumuqishi,xinjiang,CN,50,3/31/2014,47,115352,36960,66252,91018,3/15/2014,17,14.67391304,74,7,1.389867279,127625,12
58806,8/8/2010,1/3/2011,Male,4,PARIS,,FR,35,3/31/2014,14,148856,46500,36508,123662,12/28/2013,95,36.23076923,196,2,1.022610665,152002,2
18869,6/20/2006,6/20/2006,Male,5,shenzhen,guangdong,CN,74,3/31/2014,49,119100,77457,29982,90602,12/16/2013,107,12.9375,80,0,1.394936204,125550,6
47265,5/27/2005,7/8/2005,Male,5,shenzhen,guangdong,CN,39,3/31/2014,86,118543,49221,62139,157799,3/30/2014,2,8.482352941,33,22,0.799002655,147720,33
29997,2/18/2008,12/17/2008,Male,5,dunhua,jilin,CN,47,3/31/2014,60,114445,61135,48154,106278,3/21/2014,11,12.08474576,54,0,1.182681834,125738,4
56325,7/24/2005,12/3/2005,Male,6,guangzhou,guangdong,CN,44,3/31/2014,110,116532,54659,51757,166843,3/28/2014,4,6.577981651,42,8,0.750906841,148129,33
13606,8/10/2010,8/10/2010,Male,6,MEXICO,,MX,40,3/31/2014,15,97700,34040,10000,183480,10/5/2013,179,39.14285714,79,0,0.681333333,113656,3
2104,3/20/2005,4/11/2005,Male,6,guangzhou,guangdong,CN,47,3/31/2014,67,118790,44102,66668,119347,3/30/2014,2,10.98484848,64,0,1.046676247,134417,5
40556,2/13/2010,2/26/2010,Male,6,huizhou,guangdong,CN,39,3/31/2014,51,121760,22197,85044,99034,3/31/2014,1,11.36,38,3,1.259950118,136638,6
11511,5/17/2010,5/17/2010,Male,6,shanghai,shanghai,CN,55,3/31/2014,74,122218,72537,52991,96520,1/23/2014,69,9,63,5,1.289827497,137008,9
49752,9/18/2010,10/6/2010,Male,6,PARIS,0,FR,51,3/31/2014,12,145209,38600,76000,121632,3/5/2014,27,59.18181818,151,0,1.023333333,152324,1
58064,11/1/2009,2/4/2010,Male,5,shenzhen,guangdong,CN,47,3/31/2014,59,106565,61605,53815,85171,3/26/2014,6,12.27586207,53,10,1.461263576,121759,22
19497,8/27/2009,9/16/2009,Male,6,guangzhou,guangdong,CN,36,3/31/2014,120,104791,48496,65628,176951,3/14/2014,18,5.915966387,56,12,0.701123814,144381,47
21578,9/2/2008,9/2/2008,Female,6,guangzhou,guangdong,CN,49,3/31/2014,60,119084,36815,75011,88428,3/29/2014,3,12.28813559,47,16,1.40060309,138499,25
45772,6/5/2006,6/5/2006,Male,6,shenzhen,guangdong,CN,57,3/31/2014,57,111196,14001,94940,90553,3/31/2014,1,9.285714286,88,0,1.366744227,148181,40
51134,12/18/2011,12/19/2011,Male,5,PARIS,PARIS,FR,54,3/31/2014,43,101676,31354,31157,195034,2/4/2014,57,15.73809524,104,0,0.631640227,105421,0
53729,4/20/2008,4/20/2008,Male,6,changchun,jilin,CN,47,3/31/2014,113,109087,51668,50096,151060,3/30/2014,2,6.428571429,32,3,0.81511929,154907,13
44980,5/1/2005,6/10/2005,Male,5,wulumuqi,xinjiang,CN,49,3/31/2014,42,91284,38043,36239,165589,3/9/2014,23,17.12195122,143,0,0.743348652,97974,0
11139,4/27/2005,4/27/2005,Male,6,guangzhou,guangdong,CN,46,3/31/2014,58,119502,65404,43909,94554,3/16/2014,16,12.35087719,89,3,1.299097235,133792,8
11327,10/12/2005,11/29/2005,Male,4,ROWLAND HEIGHTS,CALIFORNIA,US,48,3/31/2014,16,111936,14570,30724,184227,3/2/2014,30,33.13333333,132,0,0.66544855,122503,0
20131,11/23/2004,3/23/2005,Female,6,guangzhoushi,guangdongsheng,CN,64,3/31/2014,122,109052,51136,58852,180074,3/14/2014,18,5.776859504,49,11,0.68017726,130785,16
47276,5/29/2005,7/17/2005,Male,6,guangzhou,guangdong,CN,47,3/31/2014,72,119810,54023,67485,91164,3/26/2014,6,10.16901408,53,5,1.343311285,140265,16
13323,11/13/2009,11/17/2009,Male,6,wuhanshi,hubeisheng,CN,63,3/31/2014,113,117425,68079,46264,121394,3/22/2014,10,6.330357143,31,2,1.008554047,204327,17
56336,8/2/2005,9/5/2005,Male,6,.,beijing,CN,49,3/31/2014,77,112943,60762,70974,157206,3/30/2014,2,9.592105263,48,3,0.777235347,148513,12
19460,12/13/2008,1/15/2009,Male,5,zhuhai,guangdong,CN,44,3/31/2014,57,118977,58523,48966,91658,3/22/2014,10,12.83928571,49,0,1.332451177,136156,8
15014,1/4/2012,1/4/2012,Male,5,CORALGABLES,FL,US,66,3/31/2014,16,139503,43784,67714,115401,3/19/2014,13,42.8,244,1,1.057235119,144812,1
21884,5/8/2009,5/8/2009,Male,6,shenzhen,guangdong,CN,38,3/31/2014,77,135403,37478,64613,151637,3/23/2014,9,9.092105263,35,13,0.803643702,176266,48
11030,1/20/2005,1/20/2005,Male,6,fanyu,guangdong,CN,38,3/31/2014,88,109604,44502,71749,117157,3/29/2014,3,8.356321839,63,3,1.039534044,145486,17
10164,5/27/2007,1/25/2008,Male,5,shenzhen,guangdong,CN,45,3/31/2014,13,135848,42838,11600,137604,2/10/2014,51,56.08333333,147,4,0.884236795,142824,5
2196,5/20/2005,7/11/2005,Male,6,shantou,guangdong,CN,68,3/31/2014,124,115890,73591,59304,113615,3/29/2014,3,5.853658537,29,0,1.070194781,130909,4
38329,11/17/2005,4/11/2006,Male,6,guangzhou,guangdong,CN,65,3/31/2014,69,119569,73753,53646,147549,3/1/2014,31,10.17647059,40,5,0.823818121,133546,10
3092,2/26/2008,1/30/2009,Male,6,guangzhou,guangdong,CN,60,3/31/2014,66,113508,77458,33221,86430,3/31/2014,1,10.75384615,116,2,1.406350341,140439,12
31122,12/1/2010,12/1/2010,Male,5,guangzhou,guangdong,CN,56,3/31/2014,26,102699,40335,16513,178921,12/21/2013,102,24.88,110,1,0.679305671,107965,3
44276,8/1/2009,8/13/2009,Female,6,haerbin,heilongjiang,CN,40,3/31/2014,59,117216,49710,54318,94946,3/28/2014,4,12.44827586,55,5,1.273062688,148754,24
38451,6/4/2007,6/4/2007,Male,6,guangzhoushi,guangdong,CN,48,3/31/2014,125,92480,46644,62647,189177,3/31/2014,1,5.846774194,33,2,0.637994577,116402,8
30926,3/14/2009,3/14/2009,Male,5,guangzhoushi,,CN,33,3/31/2014,97,101068,63195,45658,171544,3/21/2014,11,7.46875,73,4,0.701652637,108829,7
36573,1/25/2006,1/25/2006,Female,5,guangzhou,guangdong,CN,36,3/31/2014,57,106669,41320,48785,144505,3/29/2014,3,12.69642857,53,0,0.832500467,122962,3
17463,1/4/2011,3/27/2011,Male,6,hetian,xinjiang,CN,27,3/31/2014,64,94410,5546,70813,262290,3/27/2014,5,8.015873016,105,10,0.457967364,122797,13
20144,12/24/2004,3/1/2005,Female,6,guangzhoushi,guangdongsheng,CN,60,3/31/2014,49,120926,92685,26580,88903,12/9/2013,114,12.64583333,56,0,1.350911443,127447,5
20731,9/17/2007,4/13/2008,Female,6,zhuhai,guangdong,CN,56,3/31/2014,58,112726,54969,56945,84353,3/30/2014,2,12.68421053,75,3,1.423312271,136439,11
2129,4/6/2005,4/27/2005,Male,6,zhengzhoushi,henansheng,CN,42,3/31/2014,136,113254,38680,74796,145540,3/27/2014,5,5.311111111,102,9,0.82433441,138865,13
53365,12/17/2010,1/26/2011,Female,5,wulumuqi,xinjiang,CN,34,3/31/2014,68,97369,61293,64004,148879,3/28/2014,4,10.55223881,47,0,0.804845344,106281,2
3018,2/11/2008,3/10/2012,Male,5,wulumuqi,xinjiang,CN,47,3/31/2014,71,93862,23960,76876,180226,3/28/2014,4,10.3,129,2,0.664729007,128372,11
36912,11/1/2006,12/17/2006,Male,6,guangzhou,guangdong,CN,55,3/31/2014,116,101127,75228,43633,130636,3/16/2014,16,6.191304348,50,6,0.916310894,115574,14
1159,5/28/2007,7/28/2007,Male,6,guangzhou,guangdong,CN,53,3/31/2014,110,103985,26253,80618,172640,3/31/2014,1,6.513761468,55,1,0.693026819,134862,8
39380,7/21/2008,4/6/2009,Male,5,guangzhou,guangdong,CN,32,3/31/2014,105,111850,49777,58424,145253,3/20/2014,12,6.798076923,47,9,0.823284201,128699,14
12218,3/3/2009,3/3/2009,Male,6,shenzhen,guangdong,CN,62,3/31/2014,52,111158,54805,44845,83356,3/11/2014,21,13.52941176,70,1,1.433468257,122727,9
38199,6/16/2005,7/12/2005,Male,6,guangzhou,guangdong,CN,53,3/31/2014,106,100577,54530,53778,167199,3/29/2014,3,6.885714286,41,7,0.714441235,110162,11
38134,4/17/2005,4/25/2005,Female,6,shenzhen,guangdong,CN,40,3/31/2014,11,138543,38230,62400,112128,10/6/2013,178,52.8,266,1,1.065035317,159477,6
49346,4/28/2010,4/29/2010,Male,6,guangzhou,guangdong,CN,44,3/31/2014,59,114398,57355,49840,92635,3/19/2014,13,11.94827586,78,8,1.283990608,124552,23
46325,11/29/2007,7/2/2008,Male,5,guangzhou,guangdong,CN,53,3/31/2014,59,136783,70753,77979,145433,3/14/2014,18,12.17241379,33,3,0.817583423,162643,13
27661,1/16/2006,1/17/2006,Male,6,guangzhoushi,guangdong,CN,44,3/31/2014,83,115233,47779,68487,94441,3/6/2014,26,8.597560976,68,2,1.254728561,142357,34
39773,5/8/2012,5/12/2012,Female,4,Cerritos,California,US,30,3/31/2014,10,140743,44800,10100,122320,5/20/2013,317,41.44444444,98,6,0.966,140743,7
3321,8/31/2008,8/31/2008,Male,6,.,beijing,CN,39,3/31/2014,116,114305,42968,52423,136228,3/31/2014,1,6.330434783,25,0,0.866121649,142040,11
47224,4/19/2005,6/30/2005,Male,6,guangzhoushi,,CN,36,3/31/2014,95,113153,61926,44536,138873,3/30/2014,2,7.755319149,43,10,0.849043083,158027,48
14675,8/20/2011,8/20/2011,Male,6,.,beijing,CN,47,3/31/2014,79,94225,15407,53317,151183,3/26/2014,6,8.243589744,29,0,0.778897164,126562,9
36635,3/28/2006,3/28/2006,Male,6,shenzhen,guangdong,CN,55,3/31/2014,76,110357,43518,53765,86061,3/25/2014,7,9.64,68,0,1.367977249,124745,7
20685,7/14/2007,9/28/2007,Male,6,zhengzhou,henan,CN,56,3/31/2014,100,111195,50031,61963,91727,3/31/2014,1,7.282828283,47,9,1.282347182,124736,13
20116,11/20/2004,11/22/2004,Male,6,guangzhou,guangdong,CN,37,3/31/2014,107,92952,47679,60227,165304,3/31/2014,1,6.858490566,43,8,0.710868219,112666,23
27657,2/2/2006,3/2/2006,Male,4,,,US,66,3/31/2014,25,131771,90608,25884,109336,6/16/2013,290,15.45833333,112,4,1.074683178,139361,5
30225,6/1/2008,6/2/2008,Female,6,guangzhou,guangdong,CN,38,3/31/2014,114,102205,55786,53754,151625,3/19/2014,13,6.336283186,32,2,0.774562836,118690,7
39847,3/10/2010,3/10/2010,Male,5,shenzhen,guangdong,CN,47,3/31/2014,57,103643,31304,67412,84080,3/23/2014,9,11.19642857,56,5,1.394920314,120635,14
19134,1/9/2007,9/27/2007,Female,6,guangzhou,guangdong,CN,38,3/31/2014,76,110329,49105,55463,119514,3/10/2014,22,9.413333333,45,6,0.98076627,122265,10
30983,10/17/2012,10/17/2012,Male,6,PARIS,,FR,41,3/31/2014,11,135718,72000,87000,111496,12/24/2013,99,43.3,84,0,1.05,145681,1
53954,4/11/2006,4/11/2006,Male,5,kelamayi,xinjiang,CN,53,3/31/2014,43,104423,34450,60215,94144,3/2/2014,30,16.35714286,109,0,1.240551283,113209,2
13680,2/22/2011,10/22/2011,Male,5,PARIS,ile de france,FR,38,3/31/2014,20,94171,26930,38233,148827,3/10/2014,22,36.21052632,121,0,0.784519543,98590,0
56497,6/17/2007,6/17/2007,Female,6,guangzhou,guangdong,CN,46,3/31/2014,53,116307,30884,70845,85000,2014/2/29  0:00:00,32,13.25,57,0,1.373478,132653,4
20401,9/9/2005,10/2/2005,Female,6,guangzhou,guangdong,CN,41,3/31/2014,56,111646,52249,54987,82981,3/28/2014,4,12.8,64,14,1.403768453,134430,20
23819,9/28/2011,10/7/2011,Male,6,changchun,jilin,CN,50,3/31/2014,84,106270,4328,23107,140535,3/30/2014,2,8.746987952,42,4,0.827823318,124270,9
3110,3/15/2008,1/29/2009,Male,6,.,beijing,CN,37,3/31/2014,111,111215,43198,73391,141864,3/26/2014,6,6.536363636,60,7,0.819703519,131026,12
23531,5/30/2011,5/30/2011,Male,6,guangzhou,guangdong,CN,35,3/31/2014,109,107748,74297,48668,126167,3/14/2014,18,6.537037037,35,3,0.921339098,127254,11
27678,3/2/2006,3/2/2006,Male,5,shenzhen,guangdong,CN,44,3/31/2014,60,106246,50783,39363,98083,3/27/2014,5,12.15254237,41,11,1.175007596,114233,17
4581,7/25/2010,8/6/2010,Male,5,fanyu,guangdong,CN,41,3/31/2014,61,92929,48752,36575,161499,3/29/2014,3,12.13333333,71,2,0.713012031,118004,35
3339,8/28/2008,10/18/2008,Male,6,guangzhou,guangdong,CN,55,3/31/2014,43,120058,29030,71658,93447,3/23/2014,9,16.97619048,163,0,1.231469603,139674,4
36953,12/7/2006,2/27/2007,Male,6,guangzhou,guangdong,CN,40,3/31/2014,149,90725,49861,61985,157683,3/27/2014,5,4.837837838,19,7,0.724336929,128224,25
44217,10/20/2010,12/6/2012,Male,6,wu,xinjiang,CN,43,3/31/2014,43,96588,18526,74971,111807,3/28/2014,4,11.38095238,41,1,1.020765158,114036,4
13818,4/25/2010,4/25/2010,Male,4,guangzhou,guangdong,CN,54,3/31/2014,56,109337,80163,38616,114358,1/9/2014,83,11.70909091,60,3,0.995827664,121166,8
8608,11/15/2005,11/15/2005,Male,6,changchun,jilin,CN,51,3/31/2014,94,102013,47363,53498,109142,3/29/2014,3,7.795698925,31,3,1.040933738,121796,6
2303,8/30/2005,9/24/2005,Male,6,guangzhou,guangdong,CN,50,3/31/2014,84,107748,57470,44323,139338,3/19/2014,13,8.361445783,50,5,0.811427392,118260,9
33645,7/20/2012,7/20/2012,Female,5,shenzhen,guangdong,CN,47,3/31/2014,16,122831,12600,58538,107047,3/23/2014,9,40.8,170,0,1.051401627,128940,1
27651,1/24/2006,3/8/2006,Male,6,shanghaishi,shanghaishi,CN,44,3/31/2014,128,100358,50066,50854,131315,3/15/2014,17,5.598425197,32,12,0.856878118,133895,17
9874,10/26/2006,11/28/2007,Male,6,guangzhoushi,guangdong,CN,39,3/31/2014,124,98544,40842,40771,130776,3/30/2014,2,5.780487805,29,11,0.860026534,111357,15
50023,1/28/2011,2/7/2011,Male,6,guangzhou,guangdong,CN,47,3/31/2014,111,95164,59392,48767,130622,3/28/2014,4,6.6,28,4,0.859196613,115155,10
40219,7/9/2009,7/9/2009,Male,6,guangzhou,guangdong,CN,45,3/31/2014,77,109194,42580,57090,134838,3/31/2014,1,9.552631579,70,8,0.832180765,122278,12
35876,4/2/2006,6/9/2006,Male,5,hefei,anhui,CN,57,3/31/2014,42,106360,31875,31242,77936,3/10/2014,22,17.04878049,67,5,1.436042137,112088,10
58293,11/2/2009,3/24/2010,Male,6,guangzhou,guangdong,CN,42,3/31/2014,124,87984,41832,64452,160524,3/31/2014,1,5.902439024,51,2,0.695089955,110203,31
5737,7/25/2011,7/25/2011,Male,5,beijing,beijing,CN,46,3/31/2014,19,110135,70286,62006,96503,3/26/2014,6,37.33333333,131,8,1.156085303,136674,12
39208,8/28/2010,8/29/2010,Male,4,NEYAGAWA,OSAKAFU,JP,48,3/31/2014,53,115183,105558,50750,134627,2/16/2014,45,12.82692308,76,8,0.828407972,127389,14
13798,6/1/2011,8/20/2011,Male,6,guiyang,guizhou,CN,46,3/31/2014,61,103492,34988,53234,83245,3/31/2014,1,12.15,55,2,1.337276713,119626,7
58411,12/12/2009,4/15/2010,,6,MENAI,SYDNEY,AU,61,3/31/2014,17,135654,30570,89477,105377,3/31/2014,1,43,175,2,1.056396083,159060,3
13846,8/28/2011,8/28/2011,Male,6,Ibaraki-shi,Osaka,JP,52,3/31/2014,48,122774,70248,98233,119036,3/28/2014,4,15.12765957,85,3,0.934725209,160863,12
27945,10/13/2006,5/22/2007,Male,6,shenzhen,guangdong,CN,66,3/31/2014,26,121499,19055,83018,94249,3/10/2014,22,23.4,90,0,1.178456641,133391,4
54719,3/11/2006,3/21/2006,Male,6,guangzhou,guangdong,CN,67,3/31/2014,43,107284,51220,45960,79426,3/1/2014,31,16.64285714,72,5,1.395587087,118207,8
4234,8/7/2009,1/17/2010,Male,4,guangzhou,guangdong,CN,37,3/31/2014,87,108443,48404,52189,115134,1/31/2014,61,7.73255814,49,3,0.962306964,125094,9
13056,5/22/2010,8/22/2010,Male,6,.,beijing,CN,44,3/31/2014,114,105733,41316,61096,124499,3/31/2014,1,6.433628319,47,8,0.889901525,127374,15
38816,2/19/2010,2/24/2010,Male,6,shanghai,shanghai,CN,41,3/31/2014,54,100418,19260,49351,75651,3/12/2014,20,13.37735849,42,2,1.462917873,112327,9
22490,12/9/2009,12/9/2009,Male,5,guangzhou,guangdong,CN,35,3/31/2014,68,101037,60323,32647,163454,3/12/2014,20,10.59701493,53,10,0.676618926,114009,21
47762,9/28/2007,11/29/2007,Male,6,.,beijing,CN,41,3/31/2014,112,102265,59906,38596,134757,3/26/2014,6,6.495495495,51,3,0.82046172,116267,7
30223,10/12/2008,10/12/2008,Male,5,.,beijing,CN,47,3/31/2014,73,92708,37975,30151,163958,3/19/2014,13,9.847222222,32,1,0.673120738,121394,34
35584,6/12/2007,6/12/2007,Male,6,wusu,xinjiang,CN,47,3/31/2014,49,96919,31965,66444,80641,2/23/2014,38,14.0625,72,2,1.368281891,109619,5
4835,8/22/2012,8/30/2012,Male,5,ISEHARA,KANGAWA,JP,63,3/31/2014,40,117052,45368,87535,127004,3/30/2014,2,14.82051282,35,5,0.868515165,150496,16
38084,3/16/2005,4/15/2005,Male,6,guangzhou,guangdong,CN,40,3/31/2014,82,103735,36622,61778,135413,3/27/2014,5,8.87654321,46,0,0.81353969,116936,3
49017,1/17/2009,3/1/2009,Male,6,beijingshi,beijing,CN,42,3/31/2014,154,103214,45721,51975,129582,3/31/2014,1,4.705882353,20,6,0.848141331,132891,15
29375,11/17/2005,4/4/2006,Male,5,guangzhou,guangdong,CN,44,3/31/2014,58,98689,24167,53845,145294,3/19/2014,13,12.05263158,61,2,0.755701956,154953,31
46350,8/12/2008,8/15/2008,Male,5,shunde,guangdong,CN,50,3/31/2014,52,99653,49712,49210,97731,3/30/2014,2,14.21568627,81,1,1.120337764,108555,5
58999,11/10/2010,11/10/2010,Male,6,nansha,guangdong,CN,61,3/31/2014,43,108062,34940,62864,78765,3/24/2014,8,14.95238095,68,2,1.388142957,120960,6
1294,2/9/2009,7/18/2010,Male,6,guangzhou,guangdong,CN,35,3/31/2014,105,108717,47407,58699,138593,3/28/2014,4,6.980769231,44,1,0.788873392,136997,51
728,1/10/2006,1/10/2006,Male,6,luoyang,henan,CN,51,3/31/2014,97,99324,44371,55847,116461,3/28/2014,4,7.572916667,28,4,0.93836632,114037,6
55509,6/9/2010,6/9/2010,Male,6,guangzhou,guangdong,CN,49,3/31/2014,17,130108,44362,13970,121870,12/11/2013,112,38,322,5,0.896000164,137804,6
49453,2/26/2010,2/26/2010,Male,4,kelamayi,xinjiang,CN,62,3/31/2014,32,100770,40430,50658,77106,2/2/2014,59,21.35483871,132,0,1.416159832,108091,1
31394,5/31/2010,6/19/2010,Female,5,guangzhoushi,guangdong,CN,40,3/31/2014,37,120053,27428,49234,119320,3/27/2014,5,20.05555556,145,8,0.914270784,154506,26
35877,3/31/2006,12/10/2006,Male,5,changchun,jilin,CN,44,3/31/2014,86,87887,39027,31496,159612,3/27/2014,5,8.470588235,56,4,0.682643911,96122,7
59627,3/17/2012,4/26/2012,Female,6,changchunshi,jilinsheng,CN,60,3/31/2014,62,87257,41195,50309,139995,3/19/2014,13,11.36065574,40,0,0.778110575,93217,1
23026,12/16/2010,12/16/2010,Male,5,beijing,beijing,CN,49,3/31/2014,67,109523,31267,60138,127081,3/21/2014,11,10.31818182,62,0,0.856602875,120524,3
9716,6/29/2006,8/25/2006,Male,6,guangzhou,guangdong,CN,39,3/31/2014,84,97866,66828,36106,129836,3/24/2014,8,8.674698795,39,8,0.837625235,115208,36
21656,1/15/2009,2/25/2009,Male,6,jilinshi,jilin,CN,45,3/31/2014,117,111270,41699,47384,132853,3/24/2014,8,6.215517241,49,2,0.816301476,135113,6
4004,6/10/2009,6/12/2009,Male,6,.,beijing,CN,48,3/31/2014,122,101676,14624,33099,129272,3/30/2014,2,5.966942149,28,8,0.837572715,128331,13
18838,5/4/2006,5/4/2006,Male,5,guangzhou,guangdong,CN,41,3/31/2014,87,96332,50996,47262,131029,3/8/2014,24,8.220930233,82,1,0.82610529,129028,40
35464,1/20/2009,1/20/2009,Male,6,shenyang,liaoning,CN,51,3/31/2014,73,98955,47665,37695,75413,3/30/2014,2,9.486111111,59,17,1.434756209,109357,23
8434,9/9/2005,9/9/2005,Male,6,dalian,liaoning,CN,43,3/31/2014,97,90928,28621,43362,113939,3/24/2014,8,7.520833333,38,6,0.949395993,109559,13
4446,2/23/2010,2/24/2010,Male,5,foshan,guangdong,CN,40,3/31/2014,93,90486,37117,57675,150612,3/27/2014,5,7.847826087,64,4,0.7180637,106081,5
54,2/23/2010,4/3/2010,Male,6,guangzhou,guangdong,CN,49,3/31/2014,83,104436,47411,48809,134621,3/24/2014,8,8.780487805,26,6,0.801739699,195726,44
49682,9/15/2010,9/16/2010,Male,6,guangzhou,guangzhou,CN,45,3/31/2014,105,101488,44102,60589,145865,3/21/2014,11,6.730769231,22,2,0.737595174,123198,8
38902,12/28/2007,11/8/2008,Male,5,shantou,guangdong,CN,40,3/31/2014,27,77236,19156,20112,164336,2/5/2014,56,25.53846154,128,0,0.654476682,82693,0
18679,12/21/2005,12/21/2005,Female,5,dongguan,guangdong,CN,41,3/31/2014,24,115157,26478,46096,110964,3/1/2014,31,29.26086957,197,0,0.968107765,120352,0
18811,4/6/2006,4/6/2006,Male,6,guangzhou,guangdong,CN,53,3/31/2014,137,100494,42196,65102,122439,3/30/2014,2,5.338235294,27,6,0.874927107,131242,12
42861,9/2/2012,9/12/2012,Male,6,guangzhou,guangdong,CN,55,3/31/2014,57,105657,31607,66773,90144,3/10/2014,22,9.732142857,58,0,1.187537496,116260,1
22286,12/5/2009,12/12/2009,Male,5,guangzhou,guangdong,CN,44,3/31/2014,50,101119,51665,42669,89115,3/25/2014,7,14.7755102,46,12,1.201031476,253332,69
23172,5/27/2011,5/27/2011,Male,4,ADACHI-KU,TOKYO-TO,JP,46,3/31/2014,45,101070,52963,39787,139898,3/24/2014,8,16.36363636,72,0,0.765013009,108694,7
23537,10/17/2011,11/2/2011,Male,6,dalian,liaoning,CN,38,3/31/2014,109,99959,39912,42311,122024,3/31/2014,1,6.657407407,89,4,0.877036239,109570,7
12880,12/15/2009,12/15/2009,Male,6,.,beijing,CN,44,3/31/2014,46,98105,39174,52936,80830,3/14/2014,18,15.6,64,0,1.32374168,105241,2
28325,7/22/2008,8/11/2008,Male,6,guangzhoushi,guangdong,CN,38,3/31/2014,77,100019,33898,57743,139876,3/15/2014,17,9.394736842,85,11,0.763144213,190868,44
857,10/1/2006,11/21/2006,Male,6,foshan,guangdong,CN,45,3/31/2014,60,93504,37442,40801,154736,3/27/2014,5,12.22033898,60,3,0.689844509,125963,36
14124,6/12/2012,6/12/2012,Male,6,FUJIEDA-SHI,SHIZUOKA-KEN,JP,57,3/31/2014,66,83257,33386,69207,151383,3/26/2014,6,10.04615385,67,1,0.705022823,111918,16
55273,4/3/2007,4/6/2007,Male,5,guangzhou,guangdong,CN,38,3/31/2014,77,93322,40464,53056,144030,3/28/2014,4,9.328947368,50,3,0.74088551,104047,6
26641,3/4/2006,3/4/2006,Male,6,shenyang,liaoning,CN,46,3/31/2014,77,99575,51690,46104,80208,3/16/2014,16,9.342105263,53,4,1.325833583,125917,30
62340,10/21/2010,11/24/2010,Male,6,shanshanxian,xinjiang,CN,47,3/31/2014,28,97678,29878,53430,77108,3/19/2014,13,26.03703704,160,0,1.378992322,104698,2
59295,5/8/2011,5/19/2011,Male,4,MONTREUJL,,FR,48,3/31/2014,34,100143,19661,36215,143761,12/10/2013,113,18.39393939,136,3,0.739229694,103589,3
20660,6/11/2007,6/11/2007,Male,5,guangzhou,guangdong,CN,48,3/31/2014,62,96769,35596,47825,141413,3/23/2014,9,11.16393443,71,0,0.751386294,130961,8
55480,4/30/2010,7/1/2010,Male,6,guangzhou,guangdong,CN,44,3/31/2014,53,100971,34624,59271,73717,2/27/2014,34,13.25,66,0,1.440717609,110170,3
59920,9/18/2011,9/18/2011,Male,6,guiyang,guizhou,CN,41,3/31/2014,37,95805,42810,47853,72741,3/28/2014,4,20.16666667,101,0,1.459011837,110980,6
1069,2/10/2007,5/11/2007,Male,5,guangzhoushi,guangdong,CN,37,3/31/2014,94,98556,60023,40236,126174,1/27/2014,65,7.11827957,43,0,0.839762709,107518,4
54078,6/21/2007,6/21/2007,Male,6,shenzhen,guangdong,CN,53,3/31/2014,48,101229,31580,65783,74411,3/22/2014,10,14.21276596,132,4,1.423607397,113717,19
40506,7/28/2010,8/24/2010,Male,6,guangzhou,guangdong,CN,40,3/31/2014,52,99625,51894,46911,73647,3/27/2014,5,13.68627451,67,0,1.430674841,108415,4
13936,5/11/2011,5/11/2011,Male,5,KASAI,HYOGO,JP,46,3/31/2014,52,94800,49124,64055,135689,3/31/2014,1,14.2745098,37,0,0.776371777,118323,9
35484,11/2/2005,11/2/2005,Male,5,,,CN,40,3/31/2014,59,83991,47635,29538,127314,2/28/2014,33,11.94827586,81,4,0.827179729,98386,8
35960,2/26/2008,3/29/2008,Male,5,wulumuqi,xinjiang,CN,48,3/31/2014,72,85509,37631,33139,149171,3/23/2014,9,9.915492958,42,2,0.705943112,103324,11
12353,5/19/2008,5/19/2008,Male,5,guangzhou,guangdong,CN,47,3/31/2014,47,102813,54943,38925,76753,3/19/2014,13,15.5,66,10,1.37078264,107098,11
20117,11/23/2004,8/19/2005,Male,6,shenzhenshi,guangdongsheng,CN,43,3/31/2014,107,71431,76142,18622,169750,3/23/2014,9,6.79245283,59,6,0.619739087,83578,22
26045,7/11/2011,7/31/2011,Male,6,shenyang,liaoning,CN,37,3/31/2014,96,94014,17453,19313,136246,3/9/2014,23,7.326315789,30,9,0.771855467,102555,13
28722,4/18/2012,5/16/2012,Male,5,,shanghai,CN,55,3/31/2014,132,89265,63903,45649,151273,3/27/2014,5,5.198473282,37,2,0.694012613,102474,5
5039,1/19/2011,1/19/2011,Male,6,guangzhoushi,guangdong,CN,46,3/31/2014,168,101692,55550,56052,130985,3/30/2014,2,4.341317365,22,5,0.800659159,135829,21
23074,12/5/2011,2/12/2012,Male,5,AKAIWA CITY,OKAYAMA,JP,35,3/31/2014,49,109318,71197,62204,125237,3/15/2014,17,14.79166667,46,0,0.837061811,125667,6
47095,12/2/2004,12/2/2004,Male,4,dongguan,guangdong,CN,,3/31/2014,12,123044,45211,21663,103960,11/17/2013,136,52.90909091,135,4,1.00799115,134703,9
9901,12/6/2006,1/11/2007,Male,4,zhongshan,guangdong,CN,46,3/31/2014,36,110218,67896,41913,109695,3/19/2014,13,20.22857143,69,7,0.954319431,179174,35
28035,4/23/2006,11/18/2007,Female,6,PASADAERA,CA,US,41,3/31/2014,21,84105,22610,24889,137610,1/15/2014,77,30.8,104,1,0.760666667,107759,3
48251,1/17/2009,11/23/2009,Male,5,NISHINOMIYA-CITY,HYOGO,JP,35,3/31/2014,60,80771,63520,44980,137654,3/8/2014,24,11.72881356,67,0,0.760252081,92496,6
20119,11/26/2004,3/11/2005,Male,6,guangzhoushi,guangdongsheng,CN,37,3/31/2014,84,97510,46317,49534,117382,2/28/2014,33,8.385542169,36,0,0.8915401,113250,11
62776,4/3/2006,4/3/2006,Male,6,guangzhou,guangdongsheng,CN,45,3/31/2014,59,96177,24776,69531,97219,3/25/2014,7,12.44827586,149,0,1.075326325,103737,0
9635,4/16/2006,4/17/2006,Male,6,guangzhou,guangdong,CN,36,3/31/2014,118,92002,42743,56410,139566,3/31/2014,1,6.213675214,35,4,0.746258043,125292,39
30360,8/20/2008,4/12/2010,Male,6,.,beijing,CN,36,3/31/2014,49,101011,58598,36946,78417,3/5/2014,27,14.64583333,77,0,1.327684941,107578,4
60904,8/28/2012,9/13/2012,Male,5,shanghai,shanghai,CN,54,3/31/2014,74,93930,11024,33906,113789,3/28/2014,4,7.698630137,38,0,0.91433425,107945,1
15271,12/10/2011,12/10/2011,Male,5,guangzhou,guangdong,CN,36,3/31/2014,64,93346,40954,43036,139827,3/25/2014,7,11.01587302,67,2,0.744006522,102891,3
35677,8/8/2007,8/8/2007,Male,6,yanji,jilin,CN,51,3/31/2014,47,95797,47345,37692,71121,3/13/2014,19,15.32608696,111,2,1.461826465,98729,3
55032,11/8/2006,2/22/2007,Male,6,shenzhenshi,guangdong,CN,66,3/31/2014,46,100500,43725,47450,71012,3/31/2014,1,16.17777778,78,7,1.462023883,108871,9
8631,5/29/2007,6/5/2007,Male,6,.,beijing,CN,37,3/31/2014,115,99568,36691,54489,115562,3/25/2014,7,6.192982456,33,2,0.8967864,111679,5
44368,10/2/2010,10/19/2010,Male,5,wulumuqi,xinjiang,CN,51,3/31/2014,28,95644,18150,68339,72232,3/19/2014,13,26.2962963,201,0,1.434513512,108013,5
13156,6/25/2010,3/8/2011,Male,5,Sittard,LIMBURG,NL,45,3/31/2014,12,123570,59690,5850,100421,4/16/2013,351,34.45454545,141,4,1.029644795,128179,9
17660,7/23/2006,7/23/2006,Male,5,beijing,shanghai,CN,54,3/31/2014,65,93737,64866,9477,93221,3/24/2014,8,11.203125,127,3,1.107523948,101636,10
13485,12/12/2009,1/2/2010,Male,6,beijing,beijing,CN,46,3/31/2014,24,99183,32740,27950,183418,1/26/2014,66,28.2173913,198,0,0.562442563,118071,1
12275,8/8/2008,5/16/2009,Male,5,changji,xinjiang,CN,38,3/31/2014,50,87482,22503,61558,135574,3/28/2014,4,14.08163265,90,0,0.760115583,95632,2
19306,4/25/2007,6/8/2007,Male,6,guangzhoushi,guangdongsheng,CN,37,3/31/2014,98,91408,40583,50646,141053,3/27/2014,5,7.422680412,29,2,0.728867305,108302,15
29309,9/4/2005,10/31/2005,Male,5,shenzhen,guangdong,CN,62,3/31/2014,46,95650,20760,66177,73338,3/31/2014,1,15.62222222,108,5,1.398998609,106539,9
13084,6/17/2009,12/6/2012,Male,4,guangzhou,guangdong,CN,43,3/31/2014,61,94381,31319,55919,114031,3/15/2014,17,7.75,80,2,0.899280547,110505,4
24151,11/10/2011,11/10/2011,Male,4,.,beijing,CN,41,3/31/2014,28,101629,50685,45803,82659,1/8/2014,84,22.55555556,97,0,1.238878525,109303,2
33114,1/16/2012,1/16/2012,Male,5,NISKAYUNA,NW,US,57,3/31/2014,28,93334,39630,41970,73852,1/24/2014,68,24.33333333,87,6,1.386176542,95409,6
1816,10/12/2012,12/27/2012,Male,4,pasadena,California,US,61,3/31/2014,17,119314,19284,47976,104641,3/17/2014,15,27.875,153,2,0.978310605,130467,3
45720,5/18/2006,6/12/2006,Male,6,shenzhen,guangdong,CN,57,3/31/2014,51,96188,28324,44076,72274,3/31/2014,1,14.36,63,0,1.416135816,103673,4
21127,2/24/2008,4/25/2008,Male,6,guangzhoushi,guangdong,CN,46,3/31/2014,85,89221,48193,46259,104969,3/16/2014,16,8.5,53,0,0.974864579,117399,13
27683,1/25/2006,1/25/2006,Male,6,guangzhou,,CN,39,3/31/2014,128,83123,33043,62528,147767,3/30/2014,2,5.692913386,28,0,0.69244581,105816,5
5902,9/8/2012,9/8/2012,Female,4,nanning,guangxi,CA,48,3/31/2014,23,74222,12331,26042,157186,3/18/2014,14,25.31818182,108,0,0.650619648,78330,0
3012,2/14/2008,3/4/2011,Male,5,langfang,hebeisheng,CN,47,3/31/2014,78,100758,46383,37467,121231,3/30/2014,2,9.38961039,35,4,0.84343724,105849,5
30596,1/5/2009,1/5/2009,Male,5,guangzhou,guangdong,CN,35,3/31/2014,67,85419,38025,44616,135439,3/31/2014,1,11,70,8,0.754458243,105531,39
29277,8/11/2005,3/12/2007,Male,6,guangzhou,guangdong,CN,52,3/31/2014,96,82200,40235,55499,131739,3/31/2014,1,7.568421053,40,2,0.775295546,101689,24
13108,4/3/2011,4/4/2011,Male,5,fanyu,guangdong,CN,46,3/31/2014,118,88107,49601,43595,143796,3/12/2014,20,6.025641026,38,1,0.710068848,102158,4
61975,7/15/2012,7/17/2012,Male,4,shenyang,liaoning,CN,34,3/31/2014,86,87404,32724,50951,128754,2/13/2014,48,6.776470588,29,4,0.792415925,99179,6
14993,2/15/2012,2/15/2012,Male,5,hangzhou,zhejiang,CN,38,3/31/2014,36,109666,40288,36262,124032,3/27/2014,5,20.2,39,0,0.82250645,118753,3
57696,7/1/2009,7/1/2009,Female,5,guangzhou,guangdong,CN,48,3/31/2014,10,119401,38895,14400,99312,1/9/2014,83,64.66666667,298,9,1.025894957,122889,10
54913,9/18/2006,3/4/2007,Male,6,shenzhen,guangdong,CN,38,3/31/2014,34,91914,29850,57790,70486,3/31/2014,1,22.12121212,98,0,1.443316261,97520,2
8870,7/21/2006,11/30/2006,Male,5,hamishi,xinjiang,CN,45,3/31/2014,23,91469,27033,50407,74910,3/30/2014,2,32.13636364,88,0,1.357742091,92357,1
37041,2/1/2007,10/23/2007,Male,5,guangzhoushi,guangdong,CN,36,3/31/2014,76,92928,36172,50322,138952,3/27/2014,5,9.506666667,101,3,0.731532688,102498,7
57507,12/26/2009,1/4/2010,Male,6,guangzhou,guangdong,CN,42,3/31/2014,45,74123,6302,59340,145724,3/13/2014,19,10.68181818,60,0,0.696498655,83520,0
56362,8/15/2005,10/10/2005,Male,6,guangzhou,guangdong,CN,46,3/31/2014,111,81557,44278,53994,145458,3/14/2014,18,6.445454545,43,4,0.697522309,125285,57
48257,4/14/2006,4/14/2006,Male,6,guangzhou,guangdong,CN,51,3/31/2014,47,100941,45533,44024,82382,3/7/2014,25,15.08695652,59,3,1.230913428,108067,6
48173,1/30/2006,1/30/2006,Male,6,dalian,liaoning,CN,50,3/31/2014,84,96406,45822,45034,75766,3/31/2014,1,8.734939759,47,6,1.337146213,117216,10
29181,3/27/2005,3/27/2005,Male,6,zhengzhou,henan,CN,42,3/31/2014,134,97927,47816,49952,116627,3/31/2014,1,5.473684211,34,6,0.867424696,118238,19
26942,3/27/2006,6/1/2006,Male,5,wulumuqishi,xinjiang,CN,34,3/31/2014,46,80692,32482,32065,130782,3/29/2014,3,15.82222222,91,1,0.771173327,84156,1
10967,11/1/2004,12/14/2004,Male,5,guangzhoushi,guangdongsheng,CN,48,3/31/2014,96,82099,43721,50612,135009,3/26/2014,6,7.536842105,40,2,0.746628299,106832,32
40676,1/3/2011,1/3/2011,Female,5,zhongqing,zhongqing,CN,42,3/31/2014,16,97667,57864,11330,107690,12/29/2013,94,41.8,169,3,0.936013465,100193,6
29224,6/22/2005,7/22/2006,Male,6,Hong Kong,Hong Kong,HK,53,3/31/2014,83,88967,38488,44776,133367,3/21/2014,11,8.768292683,60,9,0.755460796,109371,20
38275,9/3/2005,9/3/2005,Male,6,guangzhou,guangdong,CN,48,3/31/2014,93,93241,62419,34893,109943,3/29/2014,3,7.793478261,27,2,0.91579564,104952,7
59483,7/1/2011,7/1/2011,Male,4,LOS ANGELES,CA,US,47,3/31/2014,13,74436,11050,22500,159016,3/26/2014,6,42.33333333,96,0,0.632307692,83156,0
1843,10/13/2012,10/26/2012,Male,5,guangzhou,guangdong,CN,63,3/31/2014,36,104858,43700,65431,113253,3/30/2014,2,14.88571429,60,4,0.886428351,121007,9
18817,4/28/2006,6/7/2006,Male,5,guangzhou,guangdong,CN,42,3/31/2014,73,85933,48667,34173,123568,3/21/2014,11,10,59,5,0.810458452,137760,77
6031,1/14/2012,3/8/2012,Male,6,lushan,henan,CN,58,3/31/2014,98,97503,30393,68390,76759,3/31/2014,1,7.010309278,48,0,1.303309449,115510,3
18830,5/5/2006,5/5/2006,Male,6,guangzhou,guangdong,CN,45,3/31/2014,116,85578,49489,47863,140571,3/29/2014,3,6.330434783,37,6,0.710483528,102908,15
38123,4/26/2005,5/29/2005,Male,6,,,CN,59,3/31/2014,61,96888,69372,51785,81113,3/15/2014,17,11.66666667,45,0,1.230116011,105272,4
57758,7/19/2010,7/22/2010,Male,6,zhengzhou,henan,CN,55,3/31/2014,85,94883,47213,50416,70965,3/19/2014,13,8.369047619,45,2,1.401901923,113020,11
2427,5/16/2007,5/16/2007,Male,5,shenzhen,guangdong,CN,60,3/31/2014,48,91673,11065,56480,68459,3/22/2014,10,14.61702128,68,0,1.453157218,100927,5
1231,10/17/2007,10/31/2007,Male,6,guangzhou,guangdong,CN,46,3/31/2014,104,79558,41424,42061,137698,3/26/2014,6,6.873786408,67,4,0.721752894,105830,24
45721,5/19/2006,6/11/2006,Male,6,guangzhou,guangdong,CN,50,3/31/2014,57,92692,42496,49377,84129,3/20/2014,12,12.75,57,0,1.179321043,97939,0
18013,4/13/2006,6/6/2006,Female,6,wulumuqi,xinjiang,CN,52,3/31/2014,43,85695,20604,57612,130985,3/23/2014,9,16.85714286,100,0,0.757415506,95764,3
53417,2/25/2011,2/25/2011,Male,6,guangzhou,guangdong,CN,44,3/31/2014,101,98015,64593,30441,117880,3/20/2014,12,7.19,78,0,0.841051069,126073,23
56776,10/30/2007,10/30/2007,Female,5,guangzhou,guangdong,CN,48,3/31/2014,69,81919,38429,41072,141164,3/30/2014,2,10.55882353,96,3,0.702125684,88172,6
47838,10/31/2007,10/10/2010,Male,6,fushun,liaoning,CN,51,3/31/2014,71,92714,55597,36784,70069,3/27/2014,5,10.3,62,0,1.413737887,98417,3
28345,1/6/2009,1/7/2009,Male,6,guilin,guangxi,CN,41,3/31/2014,124,109142,52690,48227,118049,3/27/2014,5,5.902439024,23,7,0.837548052,168338,18
8576,11/16/2007,11/16/2007,Male,6,shenyang,liaoning,CN,39,3/31/2014,86,90119,14588,56017,89195,3/14/2014,18,7.847058824,53,0,1.10819519,107630,4
2561,6/22/2007,6/29/2007,Male,6,guangzhou,guangdong,CN,41,3/31/2014,82,90830,41732,48504,120536,3/20/2014,12,8.802469136,54,4,0.818666539,145838,43
50183,3/7/2011,3/10/2011,Male,6,guangzhoushi,guangdong,CN,43,3/31/2014,122,78178,45210,51888,137879,3/31/2014,1,5.900826446,33,5,0.714470804,162307,83
3003,6/2/2012,6/2/2012,Male,4,VIC,AU,AU,43,3/31/2014,18,67839,25000,27100,136876,3/12/2014,20,38.17647059,89,0,0.718332944,72359,0
56144,2/8/2005,4/26/2005,Male,6,guangzhou,guangdong,CN,45,3/31/2014,39,96302,61892,24225,70792,3/10/2014,22,15.73684211,151,0,1.387449853,102422,5
22702,7/1/2010,7/1/2010,Male,6,shenyang,liaoning,CN,46,3/31/2014,83,91797,44818,41198,112709,3/28/2014,4,8.329268293,71,0,0.870657357,132854,11
44761,6/6/2007,6/6/2007,Female,6,shenyangshi,liaoning,CN,50,3/31/2014,81,91920,31897,54032,99888,3/31/2014,1,9.0375,54,10,0.982403492,111475,13
3210,9/23/2008,9/23/2008,Male,5,guangzhoushi,guangdong,CN,35,3/31/2014,66,96662,47485,38751,111545,2/27/2014,34,10.56923077,53,2,0.8786453,115313,35
2110,3/16/2005,9/22/2007,Male,5,beijing,beijing,CN,41,3/31/2014,46,93889,64995,25788,71622,2/20/2014,41,14.88888889,90,0,1.365195471,96427,4
20760,8/31/2007,8/31/2007,Male,6,guangzhou,guangdong,CN,44,3/31/2014,75,84774,44483,40639,131146,3/29/2014,3,9.810810811,58,9,0.745084105,93358,13
29081,1/28/2005,3/18/2005,Male,5,guangzhou,guangdong,CN,47,3/31/2014,69,84903,66407,20907,126180,1/13/2014,79,9.529411765,78,2,0.774192107,99429,17
49340,9/3/2009,9/3/2009,Male,6,guangzhou,guangdong,CN,62,3/31/2014,45,90474,37275,48113,68136,3/22/2014,10,16.13636364,77,0,1.432941764,102753,4
55325,7/3/2007,7/9/2007,Male,6,.,beijing,CN,69,3/31/2014,36,94452,44208,40716,66829,3/28/2014,4,20.28571429,123,2,1.460493648,127594,10
11000,12/2/2004,12/2/2004,Male,5,guangzhou,guangdong,CN,37,3/31/2014,106,85900,40519,51431,130691,3/31/2014,1,6.523809524,61,4,0.746489276,108476,14
40664,6/14/2010,6/14/2010,Male,5,shanghai,shanghai,CN,61,3/31/2014,64,82657,3840,15403,66612,3/13/2014,19,11.23809524,57,3,1.464381643,92831,12
32414,9/1/2011,9/1/2011,Male,5,Shimonikawa-gun,Toyama-ken,JP,58,3/31/2014,61,48301,61888,63100,132797,3/26/2014,6,12.01666667,47,0,0.734098361,52481,0
55873,8/26/2012,9/23/2012,Female,5,guangzhou,guangdong,CN,40,3/31/2014,67,86881,25108,54008,123556,3/31/2014,1,8.409090909,45,0,0.788739195,104692,11
8851,4/19/2006,5/30/2006,Male,5,wulumuqishi,xinjiang,CN,52,3/31/2014,52,82076,41758,38127,125190,3/2/2014,30,13.23529412,72,10,0.778333174,93650,16
23223,3/21/2011,3/23/2011,Male,4,qingtianxian,zhejiang,CN,53,3/31/2014,21,68699,18656,26296,138363,3/19/2014,13,32.25,105,0,0.704172358,71545,0
14870,9/18/2011,10/8/2011,Male,6,shanghaishi,shanghai,CN,45,3/31/2014,100,81595,4050,17317,116315,3/23/2014,9,7.232323232,23,0,0.8364076,100182,8
26803,3/21/2008,3/21/2008,Male,6,shenyang,liaoning,CN,52,3/31/2014,119,93277,47749,49613,100147,3/31/2014,1,6.093220339,38,9,0.971327249,141476,43
29103,2/26/2005,4/15/2005,Male,6,wuhan,hubei,CN,55,3/31/2014,79,89867,47495,46583,74503,3/12/2014,20,8.807692308,36,15,1.305487564,108226,27
13204,8/27/2009,8/27/2009,Male,6,guangzhou,guangdong,CN,32,3/31/2014,101,87858,45096,50719,118160,3/28/2014,4,7.03,48,14,0.822947613,105795,21
53801,9/9/2005,9/9/2005,Male,6,beijing,beijing,CN,46,3/31/2014,116,79180,34456,40205,129478,3/27/2014,5,6.295652174,25,4,0.750052132,104283,9
17530,4/9/2011,7/26/2011,Male,5,huhehaote,neimenggu,CN,46,3/31/2014,42,74490,55704,23351,74368,1/7/2014,85,15.65853659,112,3,1.303695272,82194,8
11110,4/9/2005,4/26/2005,Male,6,guangzhou,guangdong,CN,41,3/31/2014,82,84412,51975,36832,126149,3/29/2014,3,8.987654321,69,5,0.767930622,91963,9
2352,10/7/2005,10/23/2005,Male,6,guangzhou,guangdong,CN,39,3/31/2014,96,84438,46039,43192,134194,3/21/2014,11,7.557894737,40,2,0.72174598,188675,86
21650,8/28/2008,10/7/2008,Male,6,guangzhou,guangdong,CN,57,3/31/2014,79,87591,23729,64511,124218,3/21/2014,11,8.91025641,66,0,0.779597965,100986,20
8497,3/17/2006,3/17/2006,Male,6,dalian,liaoning,CN,40,3/31/2014,133,74038,30769,41719,143216,3/28/2014,4,5.378787879,35,14,0.675632052,111094,92
13067,2/22/2009,4/7/2012,Male,5,.,beijing,CN,47,3/31/2014,73,86082,45322,38605,134897,3/17/2014,15,9.861111111,40,4,0.717086814,92531,7
44923,3/28/2006,10/23/2007,Male,4,wulumuqishi,xinjiang,CN,41,3/31/2014,58,82745,35194,38096,122349,3/31/2014,1,12.61403509,89,2,0.790434004,95493,6
48328,9/23/2008,9/23/2008,Male,5,EL MONTE,CALIFORNIA,US,50,3/31/2014,19,77672,24160,16084,130168,11/18/2013,135,26.61111111,279,2,0.742307172,92321,3
6905,1/20/2013,1/20/2013,Male,6,haerbin,heilongjiangsheng,CN,47,3/31/2014,62,98214,3024,74266,76356,3/31/2014,1,7.147540984,29,1,1.265360941,112509,2
20962,11/17/2007,11/17/2007,Male,5,xifeng,guizhou,CN,37,3/31/2014,46,85820,45100,42978,67761,3/27/2014,5,15.95555556,90,6,1.425841856,88770,8
35328,6/2/2011,6/2/2011,Male,6,.,beijing,CN,52,3/31/2014,38,74959,43810,35025,66550,3/16/2014,16,19.18918919,81,2,1.450518407,79591,3
35276,7/21/2010,7/22/2010,Male,5,kuerle,xinjiang,CN,40,3/31/2014,65,87642,36873,33897,112320,3/9/2014,23,10.578125,73,0,0.858959758,103579,7
15247,12/7/2012,2/23/2013,Male,6,beijing,beijing,CN,40,3/31/2014,15,100289,1050,108628,99645,3/19/2014,13,27.85714286,88,0,0.968166892,132586,3
26447,5/27/2010,7/3/2010,Male,5,yining,xinjiang,CN,41,3/31/2014,93,83860,33784,28495,127824,3/30/2014,2,7.891304348,53,6,0.754275019,98390,17
39736,10/20/2008,10/20/2008,Male,4,CA,,US,55,3/31/2014,13,55824,14913,17000,147883,3/26/2014,6,59.16666667,120,1,0.651163082,55824,1
47894,12/3/2007,12/3/2007,Female,5,beijing,beijing,CN,40,3/31/2014,60,88543,24710,59078,118514,3/28/2014,4,12.30508475,112,3,0.811934708,101482,6
4868,9/25/2010,9/25/2010,Female,5,changsha,hunan,CN,53,3/31/2014,93,91748,35033,47341,117159,3/30/2014,2,7.72826087,33,1,0.82114127,104959,4
44090,11/25/2011,11/25/2011,Male,6,zhongshan,guangdong,CN,54,3/31/2014,83,85982,27475,56033,134851,3/17/2014,15,8.56097561,52,3,0.712543548,110860,23
24598,6/23/2012,7/14/2012,Male,4,guangzhou,guangdongsheng,CN,49,3/31/2014,44,89846,42529,43823,108388,3/16/2014,16,14.20930233,47,0,0.886273019,102118,22
29324,9/8/2005,9/8/2005,Male,5,guangzhou,guangdong,CN,38,3/31/2014,62,91375,27429,57526,112125,3/24/2014,8,11.81967213,62,6,0.855358305,104673,12
25763,11/10/2010,11/14/2010,Male,6,zhengzhou,henan,CN,46,3/31/2014,89,91953,32263,60544,78410,3/30/2014,2,8.227272727,87,5,1.221743017,109160,10
56156,2/28/2005,3/19/2005,Male,5,shanghaishi,shanghai,CN,37,3/31/2014,78,85820,44716,39675,121245,3/30/2014,2,9.311688312,54,5,0.789605839,103081,20
28175,4/17/2007,12/3/2007,Male,6,shenzhen,guangdong,CN,47,3/31/2014,39,90119,25395,57010,70142,3/6/2014,26,17.73684211,158,5,1.3639718,98748,8
13295,9/13/2009,11/21/2009,Male,6,wuhanshi,hubeisheng,CN,40,3/31/2014,101,95675,31698,41210,102834,3/18/2014,14,7.16,30,8,0.929938153,126539,23
4175,1/2/2010,2/11/2010,Male,5,shenzhen,guangdong,CN,49,3/31/2014,44,87045,35410,31091,65769,3/15/2014,17,16.60465116,76,0,1.452790676,97082,5
17306,8/26/2009,4/29/2010,Male,5,haerbin,heilongjiang,CN,70,3/31/2014,31,96739,26510,46323,69453,2014/2/29  0:00:00,32,22.76666667,75,6,1.375394871,101413,7
22092,7/15/2009,7/31/2009,Male,6,shenzhen,guangdong,CN,60,3/31/2014,75,81868,45356,41755,122158,3/25/2014,7,9.472972973,67,3,0.781846052,91473,12
19379,6/12/2007,7/17/2007,Male,6,shenzhen,guangdong,CN,46,3/31/2014,93,90295,30886,61426,106705,3/14/2014,18,7.47826087,27,3,0.894763601,103575,8
25883,4/1/2010,4/1/2010,Male,5,wulumuqi,xinjiang,CN,58,3/31/2014,54,86552,36915,36236,71496,3/12/2014,20,13.09433962,145,10,1.33526505,92332,15
53513,9/20/2005,10/10/2005,Male,6,shenyang,liaoning,CN,50,3/31/2014,73,87601,74927,13715,76834,3/14/2014,18,9.902777778,96,15,1.242032954,92085,21
56202,4/6/2005,4/11/2005,Male,6,changsha,hunan,CN,47,3/31/2014,70,90130,37523,41975,98334,3/30/2014,2,10.47826087,41,2,0.969874916,95256,3
8925,3/13/2008,7/14/2008,Male,6,shamen,fujian,CN,46,3/31/2014,36,80527,22754,41870,102876,3/18/2014,14,19.71428571,103,0,0.926531747,83035,1
56861,1/10/2008,4/18/2008,Male,6,shenzhen,guangdong,CN,54,3/31/2014,45,85314,24251,46306,67936,3/27/2014,5,15.95454545,92,4,1.401278409,95681,10
3501,10/16/2008,11/28/2008,Male,6,guangzhou,guangdong,CN,40,3/31/2014,97,88355,49273,52519,66431,3/18/2014,14,7.458333333,35,3,1.432786199,98012,7
7660,10/20/2009,10/20/2009,Male,4,shenzhen,guangdongsheng,CN,54,3/31/2014,107,76073,33048,50290,132823,3/22/2014,10,6.70754717,45,5,0.715139321,95974,17
26796,3/3/2008,3/3/2008,Male,5,changchun,jilin,CN,57,3/31/2014,123,88739,24010,62927,111589,3/24/2014,8,5.729508197,30,3,0.850722921,116742,8
59631,8/6/2011,8/20/2011,Male,5,daqing,heilongjiang,CN,45,3/31/2014,38,93487,27591,39522,67361,3/3/2014,29,18.81081081,153,1,1.408719882,97064,2
55240,4/19/2007,8/8/2007,Male,6,shanghai,shanghai,CN,42,3/31/2014,98,83896,25931,29747,129338,3/19/2014,13,7.350515464,58,4,0.733567861,98661,10
47657,8/7/2007,9/19/2007,Male,5,wuhan,hubei,CN,53,3/31/2014,33,92162,37095,40115,65345,3/25/2014,7,17.4375,116,0,1.451830132,99217,3
12656,11/8/2008,11/9/2008,Female,5,guangzhou,guangdong,CN,33,3/31/2014,39,88144,47110,37166,68043,3/26/2014,6,18.97368421,120,0,1.393603751,92074,2
34530,9/20/2010,3/17/2011,Male,6,changchun,jilin,CN,44,3/31/2014,72,89685,25797,65138,73670,3/24/2014,8,8.690140845,30,0,1.286411022,102737,3
49855,10/14/2010,10/14/2010,Female,6,guangzhou,guangdong,CN,44,3/31/2014,83,83278,44591,38326,126476,3/26/2014,6,8.682926829,75,5,0.749031121,103944,12
56163,3/5/2005,8/17/2005,Female,5,guangzhoushi,guangdong,CN,39,3/31/2014,66,87635,45777,28548,121756,3/28/2014,4,11.13846154,65,8,0.777650711,132389,41
30116,3/27/2008,3/29/2008,Female,4,guangzhou,guangdong,CN,55,3/31/2014,46,85855,30859,47796,120983,2/24/2014,37,15.04444444,82,5,0.78231049,112148,10
2015,11/12/2004,11/12/2004,Male,6,,,CN,39,3/31/2014,65,89939,40120,45155,102504,3/23/2014,9,10.90625,53,7,0.923260068,94407,7
37142,5/10/2007,6/16/2007,Male,6,shanghai,shanghai,CN,49,3/31/2014,99,77910,29079,35224,123899,3/27/2014,5,7.285714286,45,1,0.763360156,93384,8
26580,3/8/2009,2/21/2012,Male,5,dalian,liaoning,CN,50,3/31/2014,54,85125,52455,36132,64453,3/28/2014,4,13.71698113,96,0,1.463962112,94769,6
10105,3/12/2007,11/18/2007,Male,6,guangzhou,guangdong,CN,38,3/31/2014,65,97732,35300,48594,107397,3/16/2014,16,11.15625,82,8,0.878302187,118859,26
45796,5/24/2006,9/13/2006,Male,4,guangzhou,guangdong,CN,41,3/31/2014,27,106109,57027,41600,100143,8/2/2013,243,14.38461538,66,1,0.941445133,111691,4
30865,2/1/2009,3/6/2009,Male,6,wulumuqi,xinjiang,CN,53,3/31/2014,36,87291,37775,36565,72186,3/11/2014,21,19.97142857,161,5,1.302530408,90987,6
59678,8/19/2011,8/19/2011,Female,6,.,beijing,CN,28,3/31/2014,61,89477,36095,44647,71752,3/12/2014,20,11.8,94,0,1.306106868,103704,3
915,11/10/2006,1/26/2007,Male,5,.,beijing,CN,39,3/31/2014,49,84754,28693,30580,65717,2014/2/29  0:00:00,32,14.25,65,1,1.425973949,93153,8
30355,6/16/2008,6/17/2008,Male,6,guangzhou,,CN,56,3/31/2014,46,90777,11182,73352,71260,3/29/2014,3,15.66666667,127,7,1.314534381,101654,8
1260,3/1/2008,4/17/2008,Male,5,guangzhou,guangdong,CN,55,3/31/2014,103,84523,50490,48583,125149,3/26/2014,6,7.078431373,41,7,0.746901054,95680,12
29550,6/17/2007,6/17/2007,Male,6,beijing,beijing,CN,47,3/31/2014,52,82431,50939,36436,76072,1/19/2014,73,12.78431373,42,1,1.228696235,87859,3
53079,9/15/2012,9/15/2012,Male,6,wulumuqi,xinjiang,CN,47,3/31/2014,36,93169,7924,57327,68799,3/23/2014,9,15.85714286,93,3,1.35804096,111951,7
57868,7/20/2009,7/20/2009,Female,5,shenzhen,guangdong,CN,49,3/31/2014,37,87570,33765,42965,66530,3/20/2014,12,17.41666667,74,1,1.402335037,92776,4
62499,11/2/2005,11/2/2005,Male,6,shenyang,liaoning,CN,42,3/31/2014,100,90524,39900,60711,64900,3/18/2014,14,6.97979798,40,2,1.4373,99761,4
19538,9/17/2007,10/18/2007,Male,6,guangzhou,guangdongsheng,CN,39,3/31/2014,51,86912,53069,29535,87589,3/25/2014,7,14.4,59,5,1.06409081,175628,38
3893,12/25/2006,5/11/2010,Male,5,wulumuqi,xinjiang,CN,37,3/31/2014,69,78605,33817,41301,125139,3/20/2014,12,10.55882353,52,0,0.742781227,84879,2
55820,6/26/2012,6/29/2012,Male,5,shanghai,shanghai,CN,47,3/31/2014,82,85187,47476,41113,109233,3/24/2014,8,7.827160494,37,0,0.850807631,93666,4
33829,10/20/2012,10/21/2012,Female,5,PARIS,,FR,43,3/31/2014,13,100383,8450,49283,95577,3/15/2014,17,42.58333333,117,0,0.971737343,106554,0
41140,2/25/2011,2/25/2011,Male,6,dongguan,guangdong,CN,56,3/31/2014,65,85121,24631,38365,74458,3/7/2014,25,11.03125,53,3,1.246913025,95706,10
41700,4/18/2012,5/8/2012,Male,5,,beijing,CN,48,3/31/2014,45,88829,45304,35159,74389,3/27/2014,5,15.65909091,87,0,1.247410235,91289,0
55140,2/26/2007,5/14/2007,Male,6,shenzhen,guangdong,CN,41,3/31/2014,118,71089,46759,43372,137477,3/30/2014,2,5.846153846,30,0,0.67473221,83722,4
21169,5/7/2008,5/7/2008,Male,5,guangzhou,guangdong,CN,56,3/31/2014,75,79457,35356,47383,127816,3/21/2014,11,9.527027027,71,0,0.725720724,89559,4
18371,5/20/2011,10/21/2011,Male,5,zhuhai,guangdong,CN,37,3/31/2014,56,84783,31523,52100,117444,3/31/2014,1,12.74545455,89,7,0.789488352,94736,30
10111,3/12/2007,10/24/2009,Male,5,guangzhou,guangdong,CN,53,3/31/2014,73,76050,33056,43434,128233,3/26/2014,6,9.930555556,115,0,0.720501275,83227,0
22929,10/17/2010,10/17/2010,Male,5,guangzhou,guangdong,CN,52,3/31/2014,66,84262,63457,30804,82682,3/15/2014,17,10.8,76,1,1.116894004,93530,9
59441,7/2/2011,7/9/2011,Male,5,aubervilliers,aubervilliers,FR,45,3/31/2014,21,68432,17960,29965,139888,3/26/2014,6,36.15,126,2,0.660121097,71428,2
12479,7/21/2008,7/28/2008,Male,5,guangzhou,guangdong,CN,54,3/31/2014,78,84166,40527,42564,114244,3/28/2014,4,9.220779221,40,6,0.807724519,100622,35
39109,6/1/2008,10/2/2009,Male,6,panjin,liaoning,CN,60,3/31/2014,90,79135,43733,34312,122350,3/30/2014,2,8.179775281,57,0,0.753979567,89159,4
29044,11/4/2004,11/4/2004,Female,5,beijing,beijing,CN,46,3/31/2014,80,82097,31743,33066,120362,3/24/2014,8,9.151898734,33,4,0.766244247,107309,11
15284,2/22/2012,2/22/2012,Male,4,MARSEILLE,MARSEILLE,FR,43,3/31/2014,20,84692,21750,24054,121103,1/7/2014,85,32.89473684,120,1,0.761441087,87682,1
2047,1/4/2005,2/28/2005,Female,4,beijing,beijing,CN,34,3/31/2014,80,91750,44686,36066,117968,3/1/2014,31,8.82278481,57,3,0.781219907,108712,12
2051,1/18/2005,6/26/2005,Male,5,guangzhou,guangdong,CN,38,3/31/2014,95,87816,69840,23980,104659,2/27/2014,34,7.393617021,150,2,0.87833354,97837,9
35700,10/25/2006,10/25/2006,Male,6,changchun,jilin,CN,59,3/31/2014,99,80399,30567,44903,117708,3/30/2014,2,7.387755102,56,1,0.780552044,89168,3
53997,3/14/2007,3/14/2007,Male,6,wulumuqishi,xinjiang,CN,57,3/31/2014,90,76505,25377,32209,128188,3/15/2014,17,7.943820225,36,0,0.716619964,97748,10
56624,7/1/2007,7/1/2007,Male,5,shenzhen,guangdong,CN,49,3/31/2014,33,88054,46160,31792,63453,3/31/2014,1,22.6875,78,3,1.447113927,94159,8
29198,6/1/2005,7/22/2005,Male,5,guangzhoushi,guangdong,CN,49,3/31/2014,73,84259,56546,29761,110537,3/20/2014,12,9.833333333,84,1,0.830436144,89866,6
9658,5/23/2006,6/7/2006,Male,6,guangzhou,guangdong,CN,40,3/31/2014,127,75080,45789,46840,124500,3/14/2014,18,5.658730159,47,8,0.737284819,90456,16
14574,7/3/2011,7/3/2011,Male,4,guangzhou,guangdong,CN,31,3/31/2014,83,85150,71675,4471,114627,10/26/2013,158,6.951219512,132,1,0.800316069,87371,4
60068,12/25/2011,12/25/2011,Male,6,beijing,beijing,CN,48,3/31/2014,27,98430,127812,23324,90731,3/24/2014,8,26.65384615,118,0,1.010241814,98430,0
3881,3/25/2010,3/25/2010,Male,5,guangzhou,guangdong,CN,33,3/31/2014,97,67595,33392,47154,149015,3/31/2014,1,7.364583333,71,3,0.614937825,88729,20
27827,6/1/2006,11/2/2006,Male,6,,beijing,CN,38,3/31/2014,77,90946,34515,45288,104572,3/25/2014,7,9.513157895,37,6,0.875997495,106708,18
10329,12/20/2009,2/17/2010,Male,4,VICTORIA,,AU,42,3/31/2014,19,110137,48328,42928,86805,1/27/2014,65,31.83333333,172,0,1.053728357,110137,0
999,1/14/2007,9/5/2007,Male,4,CHINO,california,US,38,3/31/2014,13,77676,20184,16321,125853,2/20/2014,41,37.08333333,123,1,0.72670131,77676,1
2115,3/17/2005,3/17/2005,Male,6,shantou,guangdong,CN,54,3/31/2014,139,87275,38932,60736,129859,3/31/2014,1,5.289855072,56,4,0.703798197,159864,60
47309,7/8/2005,8/16/2005,Male,6,guangzhou,guangdong,CN,35,3/31/2014,86,85784,43248,40203,113677,3/26/2014,6,8.494117647,39,1,0.803908618,102405,9
20305,5/23/2005,7/14/2005,Male,5,guangzhou,guangdong,CN,57,3/31/2014,82,74617,42963,39863,123788,3/30/2014,2,8.913580247,47,1,0.737626911,114156,43
62894,6/5/2006,9/29/2006,Male,6,wulumuqishi,xinjiang,CN,45,3/31/2014,41,82455,20890,82402,91797,3/1/2014,31,16.6,58,4,0.9943289,91678,6
40362,11/11/2009,11/11/2009,Male,5,guangzhoushi,guangdong,CN,34,3/31/2014,72,84990,52687,29612,120888,3/30/2014,2,10.26760563,80,4,0.755011912,97737,27
29121,3/19/2005,3/19/2005,Male,5,guangzhou,guangdong,CN,41,3/31/2014,82,81870,46161,39537,116502,3/21/2014,11,8.839506173,88,5,0.782969391,87386,10
52991,3/24/2012,3/24/2012,Male,6,.,beijing,CN,46,3/31/2014,83,86575,27915,63332,66764,3/28/2014,4,8.682926829,53,0,1.36549308,99347,4
26669,12/22/2005,12/22/2005,Male,5,changchun,jilin,CN,47,3/31/2014,92,85521,43780,40119,103985,3/18/2014,14,7.879120879,34,4,0.875138818,98478,8
44965,6/12/2006,7/17/2006,Male,5,wulumuqi,xinjiang,CN,40,3/31/2014,49,82797,52850,26898,98732,3/7/2014,25,14.625,98,6,0.920499534,88756,10
56097,11/11/2004,5/16/2005,Male,5,guangzhoushi,guangdongsheng,CN,47,3/31/2014,74,82236,43299,38307,126274,3/22/2014,10,9.876712329,37,2,0.719323851,96875,14
40749,6/14/2010,6/14/2010,Male,6,guangzhoushi,guangdongsheng,CN,35,3/31/2014,78,85982,45116,40420,106195,3/28/2014,4,9.337662338,41,0,0.854748717,100735,37
11607,9/24/2007,9/24/2007,Male,6,.,beijing,CN,47,3/31/2014,49,77850,30447,42548,105720,3/23/2014,9,14.5,39,1,0.858548997,86781,5
4317,9/8/2009,12/11/2009,Male,5,guangzhou,guangdong,CN,48,3/31/2014,44,87996,25290,56885,69154,3/3/2014,29,16.3255814,159,7,1.311839518,94472,9
19249,3/1/2007,3/21/2007,Male,4,SYDNEY,N.S.W,AU,40,3/31/2014,26,96979,36675,42833,103395,3/19/2014,13,28.16,101,4,0.875781421,111388,7
47093,11/11/2004,11/20/2004,Male,6,guangzhoushi,guangdongsheng,CN,41,3/31/2014,85,87699,45311,39265,124022,3/30/2014,2,8.583333333,53,6,0.729566125,116008,43
13888,11/9/2010,11/9/2010,Male,6,.,beijing,CN,54,3/31/2014,49,85341,33945,42131,62116,3/27/2014,5,15.10416667,91,3,1.454720362,97225,9
20402,8/28/2005,8/28/2005,Male,6,guangzhou,guangdong,CN,40,3/31/2014,69,93840,33234,49105,105755,3/27/2014,5,10.54411765,57,5,0.854199991,109012,21
5910,11/11/2012,11/13/2012,Male,5,Toyama-shi,Toyama-ken,JP,61,3/31/2014,53,62181,14142,114790,114734,3/24/2014,8,9.557692308,72,1,0.787266634,70768,1
30564,10/9/2008,5/5/2010,Female,4,ROSEMEAD,CA,US,54,3/31/2014,11,79092,13870,17300,134552,1/25/2014,67,62.6,172,0,0.670909091,79092,0
30096,3/30/2006,4/5/2006,Male,6,wulumuqi,xinjiang,CN,50,3/31/2014,55,87271,37547,34466,117957,3/22/2014,10,13.11111111,66,6,0.76517731,107978,15
20157,12/22/2004,4/6/2005,Male,6,,beijing,CN,62,3/31/2014,39,87513,30572,45001,63230,3/18/2014,14,18.76315789,85,3,1.427421952,93590,7
30771,11/6/2008,1/3/2009,Male,4,guangzhoushi,guangdong,CN,38,3/31/2014,18,60079,18272,21558,124386,2/27/2014,34,40.52941176,166,6,0.725114241,60079,6
31028,4/18/2009,6/14/2009,Female,4,wulumuqi,xinjiang,CN,32,3/31/2014,63,80682,25409,27627,137264,3/10/2014,22,11.41935484,57,1,0.656078433,95136,15
31495,1/2/2010,10/21/2010,Male,4,beijing,beijing,CN,40,3/31/2014,23,65534,34000,5490,169931,10/3/2013,181,24.95454545,180,0,0.529890073,65534,2
14282,7/10/2011,7/29/2011,Male,5,zhuzhou,hunan,CN,34,3/31/2014,55,77563,35707,34403,103869,3/19/2014,13,12.85185185,66,0,0.866817337,80677,0
14969,4/1/2012,4/6/2012,Male,4,YOKOSUKA-SHI,KANAGAWA-KEN,JP,51,3/31/2014,36,93670,48148,32300,112436,3/8/2014,24,20.05714286,78,4,0.799957309,115585,13
9594,3/23/2006,4/10/2006,Male,6,guangzhou,guangdong,CN,47,3/31/2014,43,85066,61296,30554,69158,3/24/2014,8,16.95238095,163,0,1.299686515,91653,3
21740,3/1/2010,3/26/2010,Male,4,.,.,JP,46,3/31/2014,59,87148,80392,7443,78595,3/30/2014,2,12.06896552,69,5,1.142706025,88924,6
59729,4/1/2012,4/1/2012,Male,5,beijing,beijing,CN,35,3/31/2014,69,90389,31880,44700,98267,3/28/2014,4,10.69117647,42,6,0.913754872,95535,10
46647,9/13/2011,3/8/2012,Male,4,wulumuqishi,xinjiang,CN,36,3/31/2014,77,62110,32248,24637,149556,3/5/2014,27,8.973684211,51,7,0.600361671,68530,9
57726,9/20/2008,5/1/2011,Male,6,guangzhoushi,guangdong,CN,30,3/31/2014,75,92712,33200,47744,113205,3/11/2014,21,9.581081081,66,3,0.793122565,136426,77
11321,9/23/2005,12/7/2005,Male,5,zhanjiang,guangdong,CN,53,3/31/2014,89,89556,38199,54308,98446,3/18/2014,14,8.090909091,64,15,0.911670561,99856,18
59560,4/28/2011,7/29/2011,Male,5,guangzhou,guangdong,CN,47,3/31/2014,51,88407,39570,52081,71594,3/31/2014,1,14.1,89,2,1.251371344,94032,3
56492,7/1/2007,7/18/2007,Male,5,kunming,yunnan,CN,49,3/31/2014,15,102707,29925,23227,84976,1/27/2014,65,43.78571429,247,4,1.053199256,186468,40
18022,5/9/2006,9/15/2006,Male,6,beijing,.beijing,CN,50,3/31/2014,51,73460,38772,33762,121900,3/22/2014,10,14.4,53,1,0.733716489,86144,5
11183,5/29/2005,5/29/2005,Male,6,zhuhai,guangdong,CN,43,3/31/2014,63,83588,43871,36228,84110,3/19/2014,13,11.4516129,84,6,1.062971704,146263,105
11243,7/19/2005,12/14/2005,Male,5,guangzhou,guangdong,CN,39,3/31/2014,67,84017,38719,40559,114895,3/29/2014,3,11.03030303,51,4,0.77813186,91186,8
11191,6/12/2005,8/8/2005,Male,4,guangzhou,guangdong,CN,37,3/31/2014,35,91568,12985,68506,102698,2/3/2014,58,14.61764706,120,2,0.869739722,98090,3
55420,7/31/2009,8/30/2009,Male,4,guangzhoushi,guangdongsheng,CN,36,3/31/2014,31,68328,33815,26035,112940,3/29/2014,3,24.06666667,183,3,0.789749247,83850,33
61982,12/1/2011,12/18/2011,Male,5,shenyang,liaoning,CN,48,3/31/2014,63,68361,33214,43705,131617,3/28/2014,4,11.30645161,75,0,0.677294726,73089,0
20557,5/8/2007,5/9/2007,Male,6,nanning,guangxi,CN,34,3/31/2014,95,82030,15506,43327,112565,3/31/2014,1,7.510638298,33,3,0.791891174,98435,5
8692,12/18/2005,12/18/2005,Male,5,dalian,liaoning,CN,42,3/31/2014,97,74603,22150,40167,111809,3/19/2014,13,7.458333333,69,2,0.795848724,98939,23
37007,1/24/2007,1/18/2008,Male,5,beijing,beijing,CN,54,3/31/2014,67,82465,42645,36618,124788,3/23/2014,9,10.74242424,37,0,0.712584784,86281,2
557,12/25/2005,1/24/2006,Male,6,guangzhou,guangdong,CN,40,3/31/2014,101,78310,42660,41369,119673,3/30/2014,2,7.29,55,3,0.742826118,101850,39
53184,3/7/2010,3/7/2010,Male,5,guangzhou,guangdong,CN,47,3/31/2014,60,69679,28919,44196,131743,3/11/2014,21,11.91525424,86,4,0.673196678,84979,10
23126,1/10/2011,1/12/2011,Female,4,guangzhou,guangdong,FR,40,3/31/2014,12,68332,16850,23700,121632,2/23/2014,38,55.36363636,126,0,0.728333333,68332,0
4672,8/19/2010,8/19/2010,Male,5,,,CN,54,3/31/2014,48,81431,61294,18614,63061,3/29/2014,3,15.38297872,94,3,1.404469958,83537,6
50244,4/20/2011,4/20/2011,Male,6,shanghai,shanghai,CN,55,3/31/2014,52,86632,37062,45694,62006,3/29/2014,3,14.17647059,80,3,1.427972616,99664,8
12524,9/5/2009,3/1/2010,Male,6,,,US,61,3/31/2014,11,96151,76614,11750,80261,3/23/2014,9,67.9,228,1,1.09967805,100443,2
9569,3/6/2006,4/1/2006,Male,5,guangzhou,guangdong,CN,44,3/31/2014,92,77249,41178,41981,108930,3/30/2014,2,8,48,6,0.810163224,109979,40
38541,3/28/2006,3/29/2006,Male,5,,xian,CN,43,3/31/2014,67,73908,42884,33682,116848,3/31/2014,1,10.77272727,47,1,0.754195707,81736,6
45995,11/23/2006,7/28/2007,Male,6,guangzhou,guangdong,CN,57,3/31/2014,47,83890,23116,56060,68720,3/26/2014,6,15.73913043,76,6,1.280616269,92398,7
8525,7/31/2006,7/31/2006,Female,4,shanghai,shanghai,CN,43,3/31/2014,109,67270,3355,5071,144111,2/15/2014,46,6.222222222,43,5,0.61047623,83170,13
9611,4/15/2006,6/3/2006,Male,5,guangzhou,guangdong,CN,48,3/31/2014,82,66726,40816,34615,135759,3/20/2014,12,8.555555556,50,4,0.646682872,77193,8
54785,6/5/2006,6/20/2006,Male,6,guangzhou,guangdong,CN,35,3/31/2014,68,99705,41576,38508,107075,3/11/2014,21,10.44776119,79,4,0.819026757,106925,8
5903,2/20/2012,3/11/2012,Male,6,guangzhou,guangdong,CN,45,3/31/2014,79,82933,28932,53039,113061,3/16/2014,16,8.91025641,55,6,0.775295725,94615,8
15475,4/28/2012,5/9/2012,Male,5,guangzhou,guangdong,CN,40,3/31/2014,74,77369,47441,43115,119277,3/21/2014,11,9.342465753,46,6,0.734588563,82133,6
18844,5/26/2006,7/26/2006,Male,4,beijingshi,beijing,CN,40,3/31/2014,31,82761,41870,33437,59830,12/10/2013,113,20.53333333,80,3,1.463755474,84454,5
5167,5/26/2012,5/26/2012,Male,5,NARA,NARA,JP,48,3/31/2014,34,98122,75096,64434,87326,3/24/2014,8,20.24242424,71,0,1.001857522,128256,8
19179,1/15/2007,1/15/2007,Male,5,guangzhou,guangdong,CN,39,3/31/2014,74,78485,40695,37228,126760,3/29/2014,3,9.863013699,35,4,0.690051909,85451,10
15802,7/27/2012,12/2/2012,Male,6,HENDERSOM,NEVADA,US,61,3/31/2014,7,97706,9800,48800,85624,3/25/2014,7,79.83333333,314,0,1.021428571,101194,0
40135,3/17/2009,3/31/2009,Male,4,SYDNEY,NSW,AU,54,3/31/2014,36,62317,36079,21282,118329,12/30/2013,93,18.14285714,85,3,0.739067177,62317,3
42700,7/11/2012,7/11/2012,Male,6,kunming,yunnan,CN,48,3/31/2014,43,86379,11215,60626,71368,3/23/2014,9,14.78571429,76,4,1.224596738,94678,5
34525,12/31/2009,12/31/2009,Female,6,guangzhoushi,guangdong,CN,34,3/31/2014,106,72711,51475,33531,128750,2/25/2014,36,6.619047619,43,7,0.678582369,85098,11
57559,9/2/2008,9/2/2008,Male,6,guangzhou,guangdong,CN,53,3/31/2014,89,77100,26172,59904,106167,3/29/2014,3,8.272727273,93,0,0.82264602,91456,2
16715,3/27/2010,7/12/2010,Male,4,changchun,jilinsheng,CN,54,3/31/2014,62,78842,36045,35568,89752,12/19/2013,104,9.852459016,82,2,0.972563954,86358,6
40365,10/24/2009,10/24/2009,Male,5,,,HK,56,3/31/2014,36,79172,21274,30986,63184,3/21/2014,11,19.22857143,94,0,1.380619144,84669,2
43846,4/27/2012,4/27/2012,Male,5,Goyang-si,Gyeonggi-do,KR,55,3/31/2014,51,69856,45955,40855,118422,3/20/2014,12,13.86,64,0,0.73627451,82553,14
54645,2/13/2006,4/9/2007,Male,5,guangzhou,guangdong,CN,45,3/31/2014,69,66400,13894,49353,119146,3/27/2014,5,8.279411765,36,4,0.731558088,80026,8
56118,1/11/2005,2/22/2006,Male,5,guangzhoushi,guangdongsheng,CN,45,3/31/2014,84,85593,40360,45603,90564,3/31/2014,1,8.240963855,42,3,0.962312287,93153,12
45566,12/13/2005,1/10/2006,Male,5,guangzhou,guangdong,CN,45,3/31/2014,68,77304,35569,43554,109665,3/27/2014,5,10.70149254,37,2,0.794431222,82659,5
38361,4/2/2007,11/5/2007,Male,4,shamen,fujian,CN,68,3/31/2014,20,76471,19750,36363,113068,3/29/2014,3,37.05263158,173,0,0.769414069,78582,0
156,1/13/2011,1/22/2011,Male,6,guangzhoushi,guangdong,CN,37,3/31/2014,27,85428,41202,16860,106399,1/3/2014,89,23.88461538,77,1,0.816711529,168458,42
29824,10/30/2007,10/30/2007,Female,4,guangzhou,guangdong,CN,49,3/31/2014,64,75379,55829,25645,114718,3/30/2014,2,11.50793651,70,1,0.757229554,84859,15
2149,4/16/2005,5/21/2005,Male,5,guangzhou,guangdong,CN,42,3/31/2014,113,63060,40666,41874,147384,3/25/2014,7,6.392857143,35,5,0.589203374,103861,54
8678,10/19/2007,10/19/2007,Male,6,shenyang,liaoning,CN,61,3/31/2014,40,77392,29655,44664,60149,3/30/2014,2,17.1025641,105,3,1.443029477,84126,5
53581,1/19/2006,1/19/2006,Male,5,beijing,beijing,CN,40,3/31/2014,80,68353,31314,39907,138420,3/30/2014,2,9.189873418,37,3,0.624723523,84105,9
30326,8/6/2008,8/21/2008,Male,5,dalian,liaoning,CN,49,3/31/2014,53,86920,51760,43416,113194,2/20/2014,41,12.94230769,53,1,0.76250826,98920,5
43637,9/1/2009,9/1/2009,Female,6,dalian,liaoning,CN,57,3/31/2014,109,65380,25453,25791,123276,3/31/2014,1,6.759259259,30,2,0.700098478,75280,6
55499,7/18/2010,11/20/2010,Male,5,guangzhoushi,guangdongsheng,CN,35,3/31/2014,70,86843,50055,29206,112890,3/28/2014,4,10.2173913,75,1,0.764457525,95565,6
49298,11/18/2009,1/8/2010,Male,6,.,beijing,CN,41,3/31/2014,35,79786,53857,23024,62808,3/23/2014,9,20.97058824,90,0,1.37325484,84253,4
42157,12/13/2011,2/19/2012,Male,6,beijing,beijing,CN,51,3/31/2014,34,84242,31705,43052,65969,3/3/2014,29,20.3030303,80,0,1.307116221,88211,3
10283,1/14/2009,1/17/2009,Male,5,guangzhou,guangdong,CN,33,3/31/2014,88,72746,46105,35298,110192,3/5/2014,27,8.08045977,55,3,0.782405619,212792,68
19508,10/21/2009,2/24/2010,Male,5,zhengzhoushi,henan,CN,36,3/31/2014,101,76699,40010,38723,104916,3/22/2014,10,7.21,52,7,0.821220119,109822,33
55130,2/1/2007,4/12/2007,Male,4,guangzhou,guangdong,CN,43,3/31/2014,44,59745,38109,26914,123585,3/17/2014,15,16.55813953,83,8,0.697107982,64174,8
29440,6/1/2007,6/1/2007,Male,6,shenyang,liaoning,CN,47,3/31/2014,57,62076,29445,39662,124821,3/31/2014,1,12.5,70,0,0.690196361,65164,0
40177,8/18/2010,8/19/2010,Male,6,nanhai,guangdong,CN,39,3/31/2014,43,84273,26822,54924,70258,3/21/2014,11,16.73809524,92,4,1.225645051,120965,24
49867,11/28/2010,1/19/2011,Male,5,anshan,liaoning,CN,53,3/31/2014,57,72602,24922,43079,101773,3/28/2014,4,12.5,138,5,0.846069291,75853,6
38621,10/25/2007,10/25/2007,Female,5,guangzhou,guangdong,CN,42,3/31/2014,82,74240,46167,33122,121881,3/21/2014,11,8.864197531,49,7,0.705870234,80251,12
40322,9/18/2009,3/22/2010,Male,4,foshan,guangdong,CN,38,3/31/2014,69,84626,71304,6681,94964,3/9/2014,23,10.39705882,213,5,0.903869993,90062,13
58432,2/20/2010,2/20/2010,Female,5,beijing,beijing,CN,43,3/31/2014,63,82596,40053,30967,102801,2/17/2014,44,11.08064516,48,1,0.833366699,91921,11
42627,4/24/2012,4/29/2012,Male,5,LEVALLOIS PERRET,92300,FR,35,3/31/2014,12,89175,85067,12236,84488,8/15/2013,230,43,146,0,1.013213001,89175,0
35314,10/17/2010,5/31/2011,Male,5,kuerle,xinjiang,CN,46,3/31/2014,69,83339,21560,40975,99590,3/15/2014,17,9.367647059,70,1,0.859349031,100125,8
57188,7/17/2007,7/17/2007,Male,6,haerbin,heilongjiang,CN,41,3/31/2014,88,85106,30763,39345,92775,3/28/2014,4,8.356321839,30,0,0.922312153,94601,4
17102,3/3/2012,3/28/2012,Male,5,shenyang,liaoning,CN,51,3/31/2014,59,57908,42397,29713,133334,3/29/2014,3,12.44827586,55,2,0.641461668,61160,2
62873,4/11/2006,4/17/2006,Male,5,hangzhou,zhejiang,CN,42,3/31/2014,40,65896,23893,40819,133403,3/22/2014,10,18.35897436,44,7,0.640861525,75546,10
29484,12/21/2008,12/21/2008,Male,4,SAN MARINO,CA,US,54,3/31/2014,13,68776,20720,14484,113580,1/6/2014,86,50.25,225,1,0.752468392,68776,1
29166,5/5/2005,6/1/2005,Male,6,guangzhou,guangdong,CN,43,3/31/2014,68,73658,34093,40130,119701,3/21/2014,11,10.6119403,71,2,0.712072581,79794,3
36116,11/29/2010,12/16/2010,Female,5,shenyang,liaoning,CN,47,3/31/2014,69,67143,21848,38013,119959,3/29/2014,3,10.67647059,47,2,0.710441151,81026,21
60503,5/20/2012,11/18/2012,Male,5,huizhou,guangdong,CN,39,3/31/2014,38,85151,16013,59150,63749,3/28/2014,4,13.40540541,94,4,1.335886053,100772,11
18790,3/9/2006,4/2/2006,Male,5,guangzhou,guangdong,CN,34,3/31/2014,97,78099,47544,39352,95578,3/14/2014,18,7.322916667,52,5,0.890442047,90497,31
11105,3/31/2005,7/8/2005,Male,4,guangzhoushi,guangdongsheng,US,66,3/31/2014,13,89158,32690,9441,96745,2/27/2014,34,53.75,176,7,0.879156546,89158,7
41035,12/13/2010,12/15/2010,Male,4,shanghai,shanghai,CN,39,3/31/2014,84,71997,21990,54675,124877,3/29/2014,3,8.722891566,98,3,0.680674344,77247,4
21151,3/25/2008,3/25/2008,Male,6,guangzhou,guangdong,CN,61,3/31/2014,33,79726,26685,47767,60566,1/13/2014,79,19.65625,129,0,1.400179804,85646,3
47964,9/24/2007,9/24/2007,Male,6,shanghai,shanghai,CN,50,3/31/2014,61,66095,22830,35085,129994,3/7/2014,25,11.58333333,121,0,0.652295875,80714,7
46252,6/17/2007,8/11/2007,Female,6,guangzhoushi,guangdongsheng,CN,50,3/31/2014,87,77762,35020,46616,114443,3/15/2014,17,8.244186047,47,6,0.740124516,89995,11
39255,10/13/2008,10/13/2008,Male,4,LNUT,,US,57,3/31/2014,17,67763,14119,26023,105518,3/19/2014,13,40.875,85,5,0.80243475,86730,9
44810,1/15/2006,1/15/2006,Male,5,shanghai,shanghai,CN,54,3/31/2014,62,77127,2229,8832,104351,3/29/2014,3,11.67213115,32,2,0.810345085,82506,7
47782,11/6/2007,6/13/2008,Male,5,changshaxian,hunan,CN,48,3/31/2014,79,75639,35447,36970,102926,3/30/2014,2,9.320512821,74,0,0.820983134,82252,2
39078,3/31/2008,3/31/2008,Male,5,nanhai,guangdong,CN,47,3/31/2014,58,75140,41075,35506,94188,1/7/2014,85,11.03508772,80,0,0.896582367,81902,2
11878,12/10/2007,12/19/2007,Male,4,CABRAMATTA,AUS,AU,48,3/31/2014,26,54198,28218,19872,126699,2/13/2014,48,26.12,72,1,0.666378424,54198,1
23577,8/22/2011,9/2/2011,Male,5,shanghai,shanghai,CN,42,3/31/2014,82,62949,3334,11552,120396,3/30/2014,2,8.888888889,40,0,0.700985,69073,3
19053,10/16/2006,3/12/2007,Male,6,dalianshi,liaoning,CN,42,3/31/2014,94,71408,27388,37291,110837,3/25/2014,7,7.698924731,65,8,0.761320588,138707,77
51497,5/12/2012,6/27/2012,Male,4,fanyu,guangdong,CN,50,3/31/2014,43,75879,13556,56755,88958,3/17/2014,15,14.97619048,77,0,0.947841903,79467,1
58899,11/10/2010,2/23/2011,Female,6,PARIS,,FR,50,3/31/2014,40,249882,66239,63260,284160,2/16/2014,45,17.58974359,77,12,0.837844243,281705,13
26955,4/6/2006,2/22/2007,Male,6,wulumuqishi,xinjiang,CN,54,3/31/2014,64,215013,99735,93006,169358,3/30/2014,2,11.20634921,48,16,1.401596264,249914,23
41616,8/29/2011,10/22/2011,Male,6,dongguan,guangdong,CN,41,3/31/2014,38,191038,60930,52316,332896,3/8/2014,24,18.67567568,74,0,0.70828541,215694,3
21501,7/30/2008,11/21/2008,Male,6,.,beijing,CN,49,3/31/2014,106,220641,69566,122763,167113,3/28/2014,4,6.438095238,31,4,1.369404116,251134,9
41281,6/7/2011,6/9/2011,Male,6,VECHEL,NORD BRABANT,AN,,3/31/2014,23,255573,46800,198224,214590,3/26/2014,6,32.90909091,135,7,1.061630924,286520,9
47229,4/10/2005,4/10/2005,Male,6,guangzhou,guangdong,CN,69,3/31/2014,94,193169,59169,74497,305250,3/9/2014,23,7.47311828,42,5,0.741803833,277394,46
